FSA,longitude,latitude
A0A,-53.087799556424166,47.31715993216946
A0B,-53.69106306732977,47.34262097570901
A0C,-53.72541331294242,48.37527654538502
A0E,-54.77762949286855,47.384854814821125
A0G,-54.457730118040466,49.13062887814951
A0H,-56.11443862558042,48.377240682840366
A0J,-55.89191009526246,49.55938714139678
A0K,-56.936482832746,51.98047258576715
A0L,-58.06452406506139,48.944515810335126
A0M,-58.395869245879545,47.757930316829714
A0N,-57.88596231173603,48.05950793312931
A0P,-61.3556860132681,55.20518841600359
A0R,-65.11199192213518,53.5400382481841
A1A,-52.73205155879209,47.5924593076226
A1B,-52.77961890546398,47.569834953787016
A1C,-52.67324027104744,47.51299184131226
A1E,-52.759478681939044,47.533374597274864
A1G,-52.76026047226542,47.50598192431017
A1H,-52.84147578896068,47.48297638222826
A1K,-52.77578609561005,47.70804066637252
A1L,-52.884732019147364,47.5209317408388
A1M,-52.83184316536492,47.620687912915976
A1N,-52.81218485317004,47.519409536514424
A1S,-52.80771461034946,47.42117003286962
A1V,-54.58950142912846,48.957642714505816
A1W,-52.94479836576252,47.51105584796761
A1X,-53.00108923089153,47.47178149516814
A1Y,-53.18930949501812,47.74366968021896
A2A,-55.633597460015665,48.94885606394426
A2B,-55.89148210461885,48.84900034121813
A2H,-57.797023829509655,48.91562709037834
A2N,-58.63436676959547,48.52764231061158
A2V,-66.9327513867733,52.95169810469116
A5A,-53.99636895863734,48.171787106886306
A8A,-57.76059924642104,49.09413519854686
B0C,-60.474136263373204,46.71663311084044
B0E,-61.0242953864602,46.06487742969641
B0H,-61.71351597268038,45.35569762178154
B0J,-63.28610062651436,44.74583700762045
B0K,-63.039733549366915,45.71945277664445
B0L,-64.36483649212815,45.71340583559942
B0M,-64.14827146519553,45.4793727602148
B0N,-63.508853890712516,45.1096768363958
B0P,-64.60839216040064,45.083461609415664
B0R,-64.70968461369793,44.56429363455918
B0S,-65.30866690098009,44.702267924356306
B0T,-65.10204702534601,44.0329133432229
B0V,-66.07954766480333,44.46547634083238
B0W,-65.78917850970664,43.93032748640044
B1A,-59.90129138793565,46.19294537007133
B1B,-59.839271853528906,46.1176166022759
B1C,-59.90449152088883,45.9568694276364
B1E,-60.01664082403847,46.18449266185162
B1G,-60.01564521033777,46.22064429345811
B1H,-60.08781319938052,46.23543557454645
B1J,-60.521004680699285,45.919385290812514
B1K,-60.22422185971127,45.89305588608821
B1L,-60.28835967890534,46.063313200510756
B1M,-60.069616460989685,46.127011362213835
B1N,-60.166204399755614,46.20442517185405
B1P,-60.33639343275518,46.056403682721665
B1R,-60.25775183811156,46.12584902612072
B1S,-60.20924084537026,46.1108664845164
B1T,-60.66619897513766,45.96879237656872
B1V,-60.21014955614449,46.260700622899826
B1W,-60.61881814887501,45.9600483039129
B1X,-60.49060782842608,46.23827252505706
B1Y,-60.362234625977855,46.231081361100166
B2A,-60.36468752195202,46.12364467976388
B2C,-60.82554361805464,45.98047139937712
B2E,-60.59085042916583,45.76936391939246
B2G,-61.9383771779001,45.71920487342069
B2H,-62.41011917020174,45.47322619699298
B2J,-60.43388858102918,45.66343336082561
B2N,-63.26907514737722,45.3619499386098
B2R,-63.55249630257376,44.759937738754886
B2S,-63.53444150227376,45.02085082948885
B2T,-63.46894868518379,44.87494726794766
B2V,-63.47679100041069,44.65350012857442
B2W,-63.51114060961537,44.67142700560023
B2X,-63.533002891190826,44.70201285729298
B2Y,-60.06245957483272,43.98381163231261
B2Z,-63.40961563628205,44.70278227713524
B3A,-63.5784237788466,44.68064877134907
B3B,-63.59078107833973,44.70707016104072
B3E,-63.33614989545914,44.77219100029794
B3G,-63.46029759393824,44.60815028403742
B3H,-63.57642902315921,44.63184793257707
B3J,-63.5730290614357,44.646980773063675
B3K,-63.599887529745324,44.662695552577574
B3L,-63.61458801159009,44.65079490358828
B3M,-63.65053714630978,44.68387313021507
B3N,-63.6403043926539,44.63109327969455
B3P,-63.59287053918033,44.614443378892304
B3R,-63.60312344209501,44.59389678131811
B3S,-63.66747042979354,44.65331540172181
B3T,-63.73410063353779,44.54902445407764
B3V,-63.59302939465598,44.499977716288655
B3Z,-63.885239340423446,44.622347533870055
B4A,-63.656046394313194,44.72304789706391
B4B,-63.7710885639437,44.75086740809465
B4C,-63.637037416728745,44.760725614242325
B4E,-63.73872114618682,44.816258765307914
B4G,-63.679775802091285,44.881433223173666
B4H,-64.01549438599945,45.88387864983852
B4N,-64.53019235104722,44.97958516002475
B4P,-64.36047355229645,45.02713883258199
B4R,-64.57572530024319,45.06215488293227
B4V,-64.60778293177978,44.350848406339374
B5A,-66.16144388425856,43.87236395197273
B6L,-63.2151519602357,45.40828575586821
B9A,-61.38503610408985,45.703121905912795
C0A,-62.80496466186885,46.22033563369784
C0B,-63.93402676294037,46.56796755097525
C1A,-63.02309747644008,46.250738525523985
C1B,-63.0905743974627,46.21411742259761
C1C,-63.09966942812871,46.26868816577466
C1E,-63.1993930987518,46.35785477891148
C1N,-63.754561248174845,46.40323422372155
E1A,-64.70865017819176,46.0967154592635
E1B,-64.80928589288919,46.05290610830825
E1C,-64.803619938863,46.09866718615732
E1E,-64.85285584059878,46.0770992496702
E1G,-64.94841779546344,46.17968672573644
E1H,-64.69567283485979,46.173228151376904
E1J,-64.84829494124807,45.99764028661264
E1N,-65.3196936716802,46.95608795531154
E1V,-65.93810481840941,47.194199121098016
E1W,-64.95075294076166,47.76385642099028
E1X,-64.94439222235673,47.52662322574137
E2A,-65.7158582287163,47.525178827301964
E2E,-65.98201190594669,45.413745739668215
E2G,-65.93104350535704,45.45339783441758
E2H,-66.01008933525087,45.34998710117075
E2J,-65.9396640718987,45.250691469453095
E2K,-66.08078996160968,45.30531599448616
E2L,-66.058387886375,45.27172759337157
E2M,-66.15922462473173,45.23007802477192
E2N,-65.92706514618503,45.31763261383377
E2P,-65.99667085087529,45.239038483501744
E2S,-65.8045945966964,45.32683364057708
E2V,-66.41022516835028,45.77404614357268
E3A,-66.38622408651949,46.04008295003155
E3B,-66.6762764122122,45.81187591301216
E3C,-66.70570017461768,45.90203494941062
E3E,-66.83182239732034,45.89393887911264
E3G,-66.73436322074362,46.05461768764018
E3L,-67.30426829748244,45.241343627350304
E3N,-66.82485259359612,47.813405944656054
E3V,-68.39960657230664,47.349375525787856
E3Y,-67.62073643973886,47.16829804482229
E3Z,-67.7465803760174,46.926632898933164
E4A,-65.81020835227011,46.15989007890867
E4B,-66.10162556608888,46.07044605353168
E4C,-65.90055313687289,45.86930885721476
E4E,-65.39437080196622,45.63912307618386
E4G,-65.47952140160218,45.85519741646489
E4H,-64.81042886987976,45.729077006048705
E4J,-65.09779818938603,46.05596997390099
E4K,-64.55040433120195,45.910376970868434
E4L,-64.34082911625282,45.96301232591808
E4M,-63.95564209687437,46.12443563325632
E4N,-64.2133631932261,46.17237701548069
E4P,-64.4603780453401,46.17702348507623
E4R,-64.5944699885221,46.35238780868621
E4S,-64.79395629769124,46.468384995697036
E4T,-65.33907260740601,46.41731287919099
E4V,-64.75534257201275,46.33602891182346
E4W,-64.90306976620529,46.62479751455492
E4X,-65.01134417139245,46.80460603734317
E4Y,-65.37711599045669,46.72395567314385
E4Z,-65.30790881139104,45.9673771498131
E5A,-67.17367652838772,45.37051250436021
E5B,-67.05254369841649,45.14099492165612
E5C,-66.79363948336787,45.20019710944727
E5E,-66.88550710555226,44.89816793565637
E5G,-66.78097209062975,44.69648904175154
E5H,-66.70466193053616,45.00869259406669
E5J,-66.44489428282355,45.15842364821147
E5K,-66.32169097471319,45.43076280392785
E5L,-66.66659165251367,45.51543000326044
E5M,-66.1930448197629,45.67121381897328
E5N,-65.78097982250614,45.515429420481276
E5P,-65.67035796355235,45.75986488465401
E5R,-65.4252652185411,45.43601767933957
E5S,-66.09332142859022,45.40963402908269
E5T,-65.90912431606432,45.669878623377805
E5V,-66.96759840096527,45.01529709076558
E6A,-66.57427469459614,46.591836889777376
E6B,-66.90580075358473,46.33807508633174
E6C,-66.50395437347812,46.212308174958444
E6E,-67.17502200271934,46.151995971064984
E6G,-67.26576837953701,45.9563433832725
E6H,-67.57705076235106,45.81182739711346
E6J,-67.36407470466591,45.664650303793344
E6K,-67.03130636636457,45.67411857129848
E6L,-66.95738030626134,46.021606861046436
E7A,-68.74870778989542,47.30003420253401
E7B,-68.31265800090837,47.56551557961774
E7C,-68.06844069479905,47.658269046720996
E7E,-67.82392134900783,47.33362821532996
E7G,-67.19496001239987,47.0312319664487
E7H,-67.59392678859416,46.7398372624808
E7J,-67.59110950636274,46.58066542997314
E7K,-67.7174470306738,46.39818318387533
E7L,-67.30500045881165,46.552845780505216
E7M,-67.6591002831029,46.183967279780376
E7N,-67.58389858335734,46.05552453128807
E7P,-67.39919134501508,46.32187608496338
E8A,-67.483854997092,47.64163555223424
E8B,-67.33980966211337,47.76729561305043
E8C,-66.39778139823436,48.06194391886535
E8E,-66.43414832483542,47.67930562807469
E8G,-66.09031657826011,47.85813438641846
E8J,-65.7364988690709,47.86141605121337
E8K,-65.9248516874108,47.67207746412623
E8L,-65.41948853081304,47.43985597008594
E8M,-65.11027623133843,47.536366350288276
E8N,-65.0677560649502,47.80937556129185
E8P,-64.85589188887207,47.72055622333211
E8R,-65.17093640996438,47.63834656765659
E8S,-64.66887677663955,47.731353035682105
E8T,-64.59343476049638,47.881980011098385
E9A,-64.93706175280893,47.049572635489454
E9B,-65.78541852788467,46.64559401894624
E9C,-66.09007223302625,46.52971510271357
E9E,-66.42581272409089,47.096348617546894
E9G,-65.26222918803776,47.229824902757535
E9H,-64.99667524730513,47.29495923213222
G0A,-71.16002954912615,47.336855085645674
G0C,-65.52649951376432,48.31650591734381
G0E,-65.37619432421532,48.92730597839608
G0G,-64.64925145610286,52.33352311266209
G0H,-67.5940020083888,49.363716188515305
G0J,-67.17948048476325,48.5911336329316
G0K,-68.21079447024044,48.18523487189657
G0L,-69.21145854262183,47.777528355851146
G0M,-70.65654493870812,45.97179340817551
G0N,-71.24509185192468,46.10687633301952
G0P,-71.71989009746812,46.011919309416044
G0R,-70.34600561870727,46.83792192099393
G0S,-71.45027611708377,46.45742975254378
G0T,-69.58096237116048,48.91919714156291
G0V,-70.62833090165168,50.17185835561238
G0W,-72.26233369441022,49.83400928945028
G0X,-73.88636434769208,47.86943648002464
G0Y,-71.01913329097495,45.62416235952761
G0Z,-72.15690471022766,46.17896344331057
G1B,-71.22583838254693,46.92632035147889
G1C,-71.19597937080728,46.88008781602989
G1E,-71.18290315071775,46.85692789540523
G1G,-71.28385075087823,46.87650639347934
G1H,-71.25726944452082,46.852831899287175
G1J,-71.22312147239715,46.83796885470645
G1K,-71.22450944777387,46.798247854929755
G1L,-71.24552999408884,46.83036929645603
G1M,-71.27063588022,46.81830993133073
G1N,-71.26394539088149,46.803509463199276
G1P,-71.31015040845868,46.8096992271659
G1R,-71.21809241184869,46.80743804163168
G1S,-71.24530041112065,46.79328226491846
G1T,-71.26086192856387,46.77410669686014
G1V,-71.28815587250011,46.78234259940183
G1W,-71.29964140796365,46.756688063943365
G1X,-71.33437777883034,46.7749361480353
G1Y,-71.35190236891725,46.747471812885834
G2A,-71.39195894539996,46.87509032224359
G2B,-71.3300206730386,46.86073980794522
G2C,-71.33396415067762,46.82868470496481
G2E,-71.36049161662015,46.8083058771795
G2G,-71.41569446257705,46.79029708603918
G2J,-71.27805988687959,46.83987693707939
G2K,-71.3044262824501,46.85445786181892
G2L,-71.25447482371841,46.88949064963776
G2M,-71.3056428449727,46.92204236138624
G2N,-71.33976168720339,46.91372699363997
G3A,-71.48508264356602,46.75047051486282
G3B,-71.29057873154758,46.98334167531897
G3C,-71.43317330898307,47.169121351973594
G3E,-71.3408241641965,46.87791868613987
G3G,-71.39584427190134,46.92419248319042
G3H,-71.69620306772954,46.776141538269506
G3J,-71.47515797662527,46.86030477307293
G3K,-71.44294877329622,46.83154569634413
G3L,-71.87633405736914,47.237399764328586
G3M,-71.70542290919519,46.67551538476993
G3N,-71.6257845931746,46.87420972992077
G3Z,-70.65718785612376,47.428209035328656
G4A,-70.2275583294498,47.718385183525584
G4R,-67.0431927242421,50.847560885976634
G4S,-66.40016572025698,50.255421259620725
G4T,-61.6230282623463,47.52476575822635
G4V,-66.32141110526297,48.98596130652868
G4W,-67.64351070004983,48.91389117673622
G4X,-64.4761185893982,48.88056408767594
G4Z,-68.63195037262695,51.08719324054823
G5A,-70.08033509539736,47.70351394904221
G5B,-67.00149171175607,49.9893610582465
G5C,-69.04087661127849,50.347003844180534
G5H,-68.17824227773373,48.5659111423092
G5J,-67.450475696943,48.49800469741098
G5L,-68.65477029090734,48.49815186962696
G5M,-68.54552613908929,48.557126690435275
G5N,-68.46593957948896,48.36676082797425
G5R,-69.56587174569191,47.85496834516957
G5T,-68.52667820740761,47.60574846365264
G5V,-70.54967027776256,46.955788132300725
G5X,-70.76830888084193,46.23883929261081
G5Y,-70.63753314563262,46.13264777850895
G5Z,-70.71178594471785,46.06419225964923
G6A,-70.6817453069123,46.14373049509313
G6B,-70.81214809968014,45.552165010010995
G6C,-71.0905677216478,46.770094252710905
G6E,-71.0035339048091,46.442674965312634
G6G,-71.3637866146451,46.12478855043457
G6H,-71.37326298357803,46.10018822233071
G6J,-71.3098131987903,46.63584186037133
G6K,-71.30281043235014,46.687998982759844
G6L,-71.83861314428587,46.209409072563915
G6P,-71.94772093191203,46.052931652440925
G6R,-71.95606978629259,46.01599934614103
G6S,-71.87186405046586,46.0263639539532
G6T,-71.9727799297449,46.082768755683944
G6V,-71.14538429160314,46.80370242303422
G6W,-71.2238625069055,46.75468138448728
G6X,-71.26122544582674,46.71508893312288
G6Z,-71.1849235630861,46.69008089273385
G7A,-71.3882492978127,46.690761091368714
G7B,-70.86059997322472,48.33710443846732
G7G,-71.07156722116234,48.45369260263375
G7H,-71.04170180522524,48.418731869371754
G7J,-71.10313148153395,48.41749456495435
G7K,-71.11754655653525,48.3688506209825
G7N,-71.14262184150289,48.200741251913435
G7P,-71.31061679416688,48.54935124414281
G7S,-71.17744283322821,48.42939921586243
G7T,-71.15274646869757,48.39751436370062
G7X,-71.41493169904557,48.31989283383401
G7Y,-71.23578754457847,48.370073488918635
G7Z,-71.26415313322272,48.43806304870214
G8A,-71.30336646347799,48.41038736463348
G8B,-71.67304396822377,48.554794862447565
G8C,-71.6363748200338,48.52778055262071
G8E,-71.69569430191055,48.63767533792306
G8G,-71.5907069697268,47.80759985276155
G8H,-72.2393366599947,48.474417977237245
G8J,-73.4562208691787,48.889781872699515
G8K,-72.44385241261116,48.70352698608505
G8L,-72.20194982306026,48.89376326308432
G8M,-72.49480054331524,48.86201349611863
G8N,-71.67860507901469,48.347280914467134
G8P,-74.16588306941013,49.9262716823646
G8T,-72.52549362993766,46.38526200020069
G8V,-72.48406059660363,46.4078837595949
G8W,-72.6007549565388,46.41650328803683
G8Y,-72.61684248062733,46.36682301330293
G8Z,-72.57161357112201,46.34582908612024
G9A,-72.62385774891911,46.35256639310664
G9B,-72.67875285506119,46.30755409895882
G9C,-72.67251608892802,46.39218218800068
G9H,-72.37135714911852,46.32051632609065
G9N,-72.71978625727043,46.5564285324735
G9P,-72.74363479001323,46.506817301086315
G9R,-72.82663654474582,46.60978685844005
G9T,-72.73699058485319,46.631496674415416
G9X,-73.13247422504493,47.53432808115064
H1A,-73.49901572025459,45.676585974065134
H1B,-73.51899360269842,45.6353210149443
H1C,-73.53721338428285,45.66795632977909
H1E,-73.58646722643107,45.635618681858276
H1G,-73.62255351140588,45.61275163071921
H1H,-73.64082953540438,45.5902532551354
H1J,-73.57935820106493,45.60971661619219
H1K,-73.54724317331504,45.60966387892124
H1L,-73.51567454064404,45.60371810663747
H1M,-73.55721241753628,45.58827850432335
H1N,-73.52521848896626,45.57614012323903
H1P,-73.59276951169325,45.59657911002565
H1R,-73.60815399520486,45.58643118723241
H1S,-73.58250085254997,45.580814453227916
H1T,-73.57008762712063,45.57300016820027
H1V,-73.5350759817542,45.55745506809876
H1W,-73.54247857148299,45.54299551890463
H1X,-73.57006675433489,45.55829032254133
H1Y,-73.57878818784458,45.54863858380138
H1Z,-73.62209339822964,45.56943143915693
H2A,-73.5989693538698,45.56182807922382
H2B,-73.6518602706963,45.57450830123615
H2C,-73.66033706832569,45.561995794496625
H2E,-73.61164728005276,45.55136326761901
H2G,-73.59274191071553,45.543838476567466
H2H,-73.57347635552485,45.53741583259526
H2J,-73.58312697553686,45.53024670239702
H2K,-73.55391106194251,45.53064499889348
H2L,-73.55228722881485,45.518137179751086
H2M,-73.64113247692151,45.552838869721555
H2N,-73.65134160843212,45.53940591303674
H2P,-73.63392965259393,45.54351356664658
H2R,-73.62251587665327,45.540093492573455
H2S,-73.60610251771358,45.53535584483674
H2T,-73.59525282603686,45.52466685432771
H2V,-73.60720233531606,45.516821918021996
H2W,-73.58043883492243,45.517611562866925
H2X,-73.5683427405271,45.511546262211326
H2Y,-73.5550198738446,45.50566040153465
H2Z,-73.56218014623143,45.50519475026492
H3A,-73.5747212573122,45.50404688147307
H3B,-73.56843700343957,45.500532806176565
H3C,-73.54129534523169,45.499894588448754
H3E,-73.54410059213284,45.45036975183622
H3G,-73.57934924785827,45.498718034643254
H3H,-73.58773102877376,45.50090427155884
H3J,-73.57315926830421,45.4860151637522
H3K,-73.55535569956767,45.48040782836433
H3L,-73.6735812873096,45.547256925284486
H3M,-73.69403093365281,45.53862219568045
H3N,-73.63266572758809,45.53015801545964
H3P,-73.63931920281625,45.521694000779846
H3R,-73.64779590951565,45.51006443952263
H3S,-73.62971192643504,45.50633916821181
H3T,-73.61905174222797,45.50183946371594
H3V,-73.60888794493452,45.49896290314384
H3W,-73.63122288143252,45.48972416608361
H3X,-73.64209340520509,45.48188363081919
H3Y,-73.60451909206981,45.48761405461914
H3Z,-73.5932514114544,45.48250287613566
H4A,-73.61489066783531,45.47167293017896
H4B,-73.63029043735563,45.460350414663225
H4C,-73.58802825152759,45.47359946482715
H4E,-73.5985858566621,45.45470089228352
H4G,-73.56992173812283,45.46432320209185
H4H,-73.58176672272602,45.44587552819196
H4J,-73.70982318465805,45.5317745892778
H4K,-73.73799541902473,45.51753780841689
H4L,-73.68306807837982,45.516980743489064
H4M,-73.68860444466362,45.49790378491664
H4N,-73.66492269812579,45.526304643969056
H4P,-73.66472691558688,45.49643629151392
H4R,-73.7141517998651,45.504871593020276
H4S,-73.7432766309799,45.485846053409304
H4T,-73.69613767788653,45.47518741523445
H4V,-73.64870523780961,45.46712532329987
H4W,-73.68282531941627,45.4649083023858
H4X,-73.65075258375283,45.453349815706176
H4Z,-73.5573405113517,45.50609164877551
H5A,-73.56460527752334,45.49916872157241
H7A,-73.58987500974614,45.673004333005984
H7B,-73.63856337387509,45.67630129119033
H7C,-73.65049157444615,45.62642256174286
H7E,-73.6744803179324,45.62286640502844
H7G,-73.68641945170371,45.576626007480385
H7H,-73.75518927101916,45.64145026516624
H7J,-73.70026807728858,45.66355287376045
H7K,-73.73977350464452,45.62125306650624
H7L,-73.77020413388344,45.60189132932478
H7M,-73.71590333299983,45.59840657657855
H7N,-73.70490373220409,45.55885532568163
H7P,-73.80218038019261,45.57928094521758
H7R,-73.8541465018325,45.552578018516826
H7S,-73.73118886868055,45.5726414760088
H7T,-73.77250837623309,45.55731143636139
H7V,-73.73638203064198,45.547100396379065
H7W,-73.76394333134579,45.53290832704719
H7X,-73.80767973088537,45.53130229692065
H7Y,-73.84990179065655,45.52710082623449
H8N,-73.62141316197209,45.437953955612095
H8P,-73.59845543253464,45.41727844813231
H8R,-73.65644921253619,45.41685574208781
H8S,-73.67612319666621,45.436002916954145
H8T,-73.70565069570311,45.43582968796623
H8Y,-73.79372238904712,45.50725551792373
H8Z,-73.84118148427225,45.50751338412102
H9A,-73.83165456338286,45.494814331983626
H9B,-73.79575268743496,45.489712386577466
H9C,-73.88044164701033,45.50730047279488
H9E,-73.91510543537403,45.48833876976337
H9G,-73.83667769848853,45.47562454642747
H9H,-73.85747647932955,45.46967421841687
H9J,-73.87922216848891,45.45183600344261
H9K,-73.92718267704716,45.460803400112646
H9P,-73.75431051544815,45.46392659724833
H9R,-73.81257854032178,45.45998459430376
H9S,-73.77838088753182,45.42942222232299
H9W,-73.86011447013726,45.42253481489429
H9X,-73.94471123023006,45.429092780527505
J0A,-71.95416818684701,45.83816941901846
J0B,-71.6724912355978,45.40585294092271
J0C,-72.49254098690925,45.924464430510774
J0E,-72.52442737712906,45.28308392196992
J0G,-72.82499702784341,46.037043293992234
J0H,-72.77000289681764,45.660892822782365
J0J,-73.16260926529293,45.150006757593076
J0K,-73.86627864863759,46.79309112490597
J0L,-73.38200464986632,45.421039972210366
J0M,-72.15611404435622,58.356361970081
J0N,-73.96102870388208,45.595369802769845
J0P,-74.30055440101188,45.36228729427169
J0R,-74.17851359269972,45.8659560259755
J0S,-74.07000249828806,45.111514297693205
J0T,-74.58553559704,46.30015098230942
J0V,-74.92306161214375,45.82262241438617
J0W,-75.79669188988746,47.09213986312648
J0X,-76.76534739502026,46.3070233171478
J0Y,-75.29607289683663,52.1080603456938
J0Z,-78.82398464099786,47.86257629145313
J1A,-71.84449066581521,45.09096050344362
J1C,-71.94915681354239,45.479667304486725
J1E,-71.87226332421251,45.42306270555368
J1G,-71.84790931674569,45.40241971308137
J1H,-71.8938640811055,45.41609853254365
J1J,-71.92378317839471,45.413124797288525
J1K,-71.93268985657818,45.382154173294616
J1L,-71.95860452959354,45.411256473093964
J1M,-71.84204883016038,45.365600788222174
J1N,-72.01275084008815,45.33950370282321
J1R,-72.04220067665976,45.39663704155241
J1S,-71.96917727686377,45.60648984736403
J1T,-71.93852460318622,45.76087056616568
J1X,-72.17281526423258,45.277799312956304
J1Z,-72.46612483578548,45.950068077258734
J2A,-72.40265455680199,45.81517171960211
J2B,-72.53606094847234,45.90302973893296
J2C,-72.50554572815581,45.8892520928858
J2E,-72.52891030763921,45.90985329388603
J2G,-72.72022739738544,45.404575890274096
J2H,-72.70046375140414,45.39380692162754
J2J,-72.782513168441,45.400538848003656
J2K,-72.77009464202796,45.23943036043707
J2L,-72.69077759467581,45.299190888189116
J2M,-72.5721336956113,45.356639120485056
J2N,-72.954917031999,45.27606786025157
J2R,-72.92371609238698,45.65671320059092
J2S,-72.99122802149685,45.613949827622655
J2T,-72.936618266016,45.59714221986264
J2W,-73.31374114313716,45.369363745546735
J2X,-73.21896821473867,45.30904825737731
J2Y,-73.35559878501167,45.311403152224614
J3A,-73.27441321207485,45.33390002392134
J3B,-73.2791682422709,45.28320602926583
J3E,-73.33097789491354,45.60036068210832
J3G,-73.22831758976582,45.594550113901164
J3H,-73.17547305542381,45.55266957023743
J3L,-73.27095155301133,45.44358185375336
J3M,-73.1583533876967,45.43274754208244
J3N,-73.27578655873467,45.523741579914585
J3P,-73.06156188715532,46.04493870595148
J3R,-73.14672429083328,46.02386468412429
J3T,-72.6195887368345,46.21849515885856
J3V,-73.3437174438434,45.531997099404244
J3X,-73.40439416861703,45.6818743738183
J3Y,-73.39907428508288,45.49063296968857
J3Z,-73.39527609046203,45.49128233566886
J4B,-73.43123046980266,45.59780583132265
J4G,-73.48196973354072,45.568222401261075
J4H,-73.50865089754859,45.539303025945934
J4J,-73.48237992617933,45.53600610078003
J4K,-73.50696827200917,45.51964121859003
J4L,-73.45764552689998,45.51811823618052
J4M,-73.43819139066385,45.54178935915605
J4N,-73.45580095218541,45.55228321309812
J4P,-73.5093546957193,45.507161338245375
J4R,-73.511740988143,45.489567651514946
J4S,-73.50479061445735,45.4813913021776
J4T,-73.46761640733939,45.4972743319992
J4V,-73.46859240908786,45.48817349295616
J4W,-73.49279342273094,45.46769723964594
J4X,-73.49501632036532,45.445970931313255
J4Y,-73.45609254475255,45.44139645441723
J4Z,-73.42312658145845,45.442436646756086
J5A,-73.59522041553471,45.35373782279959
J5B,-73.54251234532211,45.378647873186665
J5C,-73.56593848699227,45.403389257587044
J5J,-73.91907541346671,45.83058303100114
J5K,-74.13950047863572,45.73934209522844
J5L,-74.07273437166941,45.798685162230676
J5M,-73.77469332400385,45.85743637655888
J5R,-73.46764931110114,45.396379065136436
J5T,-73.317560689847,45.901313761152544
J5V,-72.91127916747446,46.235183749368105
J5W,-73.39933899901287,45.846469900916
J5X,-73.50576011548063,45.848466376934475
J5Y,-73.42250393019454,45.77558726362855
J5Z,-73.50357596545331,45.76421460471564
J6A,-73.45623081807994,45.735306661449975
J6E,-73.44838353255642,46.03194182907208
J6J,-73.73061001655132,45.378458465550914
J6K,-73.73051790002364,45.35261417912765
J6N,-73.85723276913534,45.31272389665456
J6R,-73.74194628499305,45.30782009710711
J6S,-74.05347828272001,45.27209542529118
J6T,-74.12004751674498,45.23757743351908
J6V,-73.53513222601832,45.712783778119714
J6W,-73.61806418591395,45.705649751237
J6X,-73.70615562006212,45.72754239494108
J6Y,-73.75090463047071,45.69948523063608
J6Z,-73.77441204823612,45.66889430895934
J7A,-73.79674565201951,45.636996507707615
J7B,-73.81574149104793,45.66022388587814
J7C,-73.86709921113912,45.688980975544
J7E,-73.84204415343542,45.654458213011935
J7G,-73.83620886227772,45.60874841454022
J7H,-73.87279653033313,45.62087450043739
J7J,-73.9472427436903,45.704476283172035
J7K,-73.6049437842464,45.770027792876725
J7L,-73.6509355161988,45.74235038072406
J7M,-73.7442324568096,45.788788030062236
J7N,-74.10050242288895,45.63453807832263
J7P,-73.87881587564283,45.57688897554505
J7R,-73.93896619633183,45.57324014431731
J7T,-74.1206424401558,45.36583999783546
J7V,-73.9916530591562,45.39148109696176
J7W,-73.97355597268204,45.36645060631298
J7X,-74.22579626988797,45.263950490570075
J7Y,-74.01648475871836,45.80575234884491
J7Z,-73.98285300664217,45.778783898668976
J8A,-73.99795306968402,45.92009616711689
J8B,-74.12302743327442,45.96806475237074
J8C,-74.34952204590695,46.04783417609284
J8E,-74.603406435813,46.15599726270598
J8G,-74.53298867385135,45.76001887304906
J8H,-74.33075390284937,45.725411858961934
J8L,-75.39450411605739,45.715539116448255
J8M,-75.4274173287041,45.54349172651622
J8N,-75.72046733504014,45.73356793968098
J8P,-75.61571083007445,45.48687081426728
J8R,-75.60875907935142,45.528716791348565
J8T,-75.7059468231208,45.47760980093434
J8V,-75.76145326589612,45.571127097642226
J8X,-75.71190284886325,45.43999271950058
J8Y,-75.74337968041645,45.44796168868392
J8Z,-75.76164640623738,45.4716289395788
J9A,-75.77110755840629,45.42791085306788
J9B,-75.85632453196483,45.530833828839604
J9E,-75.94650759370931,46.39327901440306
J9H,-75.82884765902617,45.393191105480085
J9J,-75.84646631379098,45.439362599364244
J9L,-75.6000190903865,46.561764019776255
J9P,-77.52494245406307,47.64370389665935
J9T,-78.01021469580215,48.61439480422551
J9V,-79.45400030995492,47.351369598084474
J9X,-78.9655359502821,48.313710371687925
J9Y,-79.07135697584698,48.16066613416618
J9Z,-79.2099512925548,48.82048880627739
K0A,-75.808026430438,45.28134147830081
K0B,-74.74791277310362,45.50285174308383
K0C,-74.8876622241233,45.163425675497784
K0E,-75.75618641436789,44.69653562128953
K0G,-76.1836348990747,44.89339530408061
K0H,-76.81494262393134,44.67214733407598
K0J,-77.58864159547201,45.660586775339766
K0K,-77.3664787832352,44.253419666633405
K0L,-77.96874587457783,44.77672911386769
K0M,-78.65526722639103,44.86446258992271
K1B,-75.58748166747509,45.42844225488313
K1C,-75.54832234015818,45.44511994426846
K1E,-75.50456333745808,45.4770544101491
K1G,-75.57734392184845,45.35481760239815
K1H,-75.65930845134707,45.387638405803315
K1J,-75.60363429980201,45.451883275423256
K1K,-75.64311685478796,45.44478729530811
K1L,-75.66304812516175,45.44003183740906
K1M,-75.68182914526783,45.44908729666963
K1N,-75.68438709581307,45.42889377907194
K1P,-75.70257704854716,45.42246528861839
K1R,-75.71080658698841,45.4122611720191
K1S,-75.68710951600605,45.3989573034359
K1T,-75.61559680420235,45.32948899045596
K1V,-75.67192379158769,45.32813198087586
K1W,-75.51575234265131,45.43648902045029
K1X,-75.62825439494043,45.27562328709326
K1Y,-75.73287388303177,45.40227701553433
K1Z,-75.74048685401867,45.386722468755785
K2A,-75.76358827414634,45.38047173207922
K2B,-75.79344527761855,45.364537851268736
K2C,-75.72530611422324,45.34296930866334
K2E,-75.71571485256959,45.343777886371285
K2G,-75.73906085009118,45.32109336044639
K2H,-75.82648432295619,45.34327386281029
K2J,-75.75178075140644,45.26909268405635
K2K,-75.91979547683029,45.37040963162561
K2L,-75.87834569881551,45.30898623200617
K2M,-75.85622453552647,45.28609122007609
K2P,-75.69039630874987,45.4165530910248
K2R,-75.81261168520125,45.28987981719838
K2S,-75.91812443185667,45.23559939792285
K2T,-75.93668279427787,45.31695791527974
K2V,-75.89282444998965,45.28541076258709
K2W,-75.98866651652345,45.36989417422209
K4A,-75.47147967123095,45.469671690655545
K4B,-75.36381811889053,45.41014005221793
K4C,-75.39158627589968,45.49799316579476
K4K,-75.25327753754196,45.546590503017576
K4M,-75.65275080694776,45.21538619277376
K4P,-75.56741368711013,45.24339675063473
K4R,-75.35270039899926,45.23880902625606
K6A,-74.57777128002851,45.58484949807285
K6H,-74.68008031364248,45.05292346219429
K6J,-74.75730176863361,45.020433548142606
K6K,-74.77743748523375,45.06102194536651
K6T,-75.74483776554321,44.63008010711704
K6V,-75.7139929310401,44.650898217353166
K7A,-76.01651482666182,44.95424165602949
K7C,-76.17358069986143,45.1082640135816
K7G,-76.2263290701321,44.32669090251213
K7H,-76.28132752342644,44.870434341238216
K7K,-76.46769466231659,44.25200456989519
K7L,-76.42528092323438,44.29042948990065
K7M,-76.56569214583567,44.22122716306423
K7N,-76.64553862086247,44.21741027533556
K7P,-76.61109049442452,44.28138019216244
K7R,-76.95606571196521,44.20406074815157
K7S,-76.40288111189659,45.41952271940438
K7V,-76.7337211769613,45.431750798209755
K8A,-77.20474867685313,45.74661599573817
K8B,-77.08058749722798,45.80803309465226
K8H,-77.38416883714649,45.87174894798702
K8N,-77.36224166048036,44.167697402160364
K8P,-77.40356497568604,44.162354947435475
K8R,-77.46831515703968,44.13992308078966
K8V,-77.60287621330015,44.12457650269441
K9A,-78.17410253571246,43.989921016079144
K9H,-78.31838117928004,44.324466096356836
K9J,-78.33834450051246,44.34833424264726
K9K,-78.36601922093665,44.29375098175346
K9L,-78.3092307212498,44.336495097363105
K9V,-78.68649242862791,44.370760234387376
L0A,-78.5193461055203,44.126287786466975
L0B,-78.74648343481695,44.07726582694759
L0C,-79.07251515950442,44.2094160198184
L0E,-79.2777995607363,44.31989835999985
L0G,-79.62352706833744,44.05861650391065
L0H,-79.22326640334592,43.92883457505747
L0J,-79.64851065742823,43.85657980361946
L0K,-79.60496003821487,44.730612245121186
L0L,-79.78118209290855,44.48029668178183
L0M,-80.0332785938595,44.326936268716686
L0N,-80.20682038332134,44.03172317215054
L0P,-79.96629896491403,43.53351960809718
L0R,-79.7452208648283,43.16081614638081
L0S,-79.19333651591859,42.953928747282
L1A,-78.35939347129307,43.979389837542776
L1B,-78.5457122614036,43.92351233532928
L1C,-78.70952276461072,43.97136446639861
L1E,-78.76833575011193,43.8968884535182
L1G,-78.86843051474047,43.92330385397188
L1H,-78.88365825106763,43.972059742994965
L1J,-78.85406508942704,43.86814178427262
L1K,-78.84454874277097,43.93726262101392
L1L,-78.89722962962107,43.95806269219409
L1M,-78.97788061662607,43.95657621492358
L1N,-78.92731337868464,43.87208825437643
L1P,-78.9750030742992,43.88655366637313
L1R,-78.94124630334792,43.92145168388944
L1S,-79.02514054489123,43.84040066535067
L1T,-79.05342848316937,43.88426511620432
L1V,-79.1199506600076,43.84941767859021
L1W,-79.08035083674527,43.818727794299626
L1X,-79.09835624508318,43.87219629507444
L1Y,-79.11939040215054,43.95552142707583
L1Z,-79.00549455683802,43.87729654922238
L2A,-78.95477818641118,42.917829096616394
L2E,-79.09614701678991,43.05242794442038
L2G,-79.07774970610099,43.069780862510115
L2H,-79.13794170987369,43.10090151731412
L2J,-79.10336060068735,43.129559991502624
L2M,-79.217585311814,43.20740585765165
L2N,-79.26073728611154,43.21179636640943
L2P,-79.20905493061595,43.15270624737622
L2R,-79.29835024408432,43.157583477471576
L2S,-79.26342820875281,43.14465292591345
L2T,-79.2317326908633,43.131262707577406
L2V,-79.20345958365654,43.11424727309807
L2W,-79.27940859114081,43.16879460731834
L3B,-79.22189071058969,42.98783119499468
L3C,-79.26556409065954,42.999801058849926
L3K,-79.26755428307196,42.8749624236991
L3M,-79.580136534985,43.184755552561626
L3P,-79.26949877235019,43.90686757541591
L3R,-79.32877967613113,43.847869080360255
L3S,-79.26165845656821,43.84863821531417
L3T,-79.39460091227363,43.82272418675544
L3V,-79.37525345776601,44.63583360345395
L3X,-79.47146513110165,44.03955107601074
L3Y,-79.45549299400334,44.056537789293294
L3Z,-79.60352590594941,44.125604872805766
L4A,-79.27617163142132,44.00939799502584
L4B,-79.39846179121446,43.85819620859151
L4C,-79.4413891057181,43.86693688715224
L4E,-79.43490313853617,43.93943900064931
L4G,-79.44747054158229,43.99618106615692
L4H,-79.5890311248368,43.847833156761716
L4J,-79.45342834709662,43.81560715920175
L4K,-79.50871541491557,43.80924564631318
L4L,-79.59952530196944,43.806392837071314
L4M,-79.70514241654153,44.44774568977883
L4N,-79.69286740677101,44.357237110577955
L4P,-79.46565520643651,44.3030460751334
L4R,-79.8380488969493,44.71255981727322
L4S,-79.41426680528838,43.898496885706535
L4T,-79.64340637078732,43.71387909183248
L4V,-79.60689582124596,43.693486593645595
L4W,-79.6295559887392,43.641259384210805
L4X,-79.5786260305766,43.617795663619845
L4Y,-79.59286471324683,43.602813021229295
L4Z,-79.65376615038764,43.6191667057871
L5A,-79.6091260023371,43.588308905608564
L5B,-79.6305720904969,43.57711167676547
L5C,-79.65019526515016,43.56231024464386
L5E,-79.55293906967054,43.574751306830024
L5G,-79.57389220364779,43.556998404512385
L5H,-79.60038388238237,43.536290543633164
L5J,-79.62227825111042,43.50747483223174
L5K,-79.66167145086689,43.52720204053059
L5L,-79.69019471848708,43.53732391049688
L5M,-79.72005438413707,43.56384363927481
L5N,-79.76088830121137,43.59253344592159
L5R,-79.67077648300759,43.60603360270595
L5S,-79.67829939937927,43.680137978219264
L5T,-79.64780039792011,43.670519587161444
L5V,-79.69319164860053,43.5972808712527
L5W,-79.71499028652946,43.63121033907935
L6A,-79.51096287688539,43.87643023240467
L6B,-79.21745807572516,43.90068850159752
L6C,-79.33918479009161,43.90453853228869
L6E,-79.26759547277109,43.90022037741611
L6G,-79.33461276151444,43.84846855268087
L6H,-79.70976959611993,43.48814320655797
L6J,-79.65570554153095,43.47228100194096
L6K,-79.68092268665295,43.43597773978752
L6L,-79.71194932275935,43.402106924292546
L6M,-79.75925401220024,43.446369182981336
L6P,-79.702086559972,43.794237051021554
L6R,-79.7605487193173,43.759230482944254
L6S,-79.72601780399756,43.73794689448714
L6T,-79.68536518689571,43.71960480373913
L6V,-79.7626231963677,43.70592708857426
L6W,-79.72728439475372,43.67995539167545
L6X,-79.80552009498547,43.666349005884925
L6Y,-79.77086897398702,43.64305492000469
L6Z,-79.79533399714185,43.73278778328804
L7A,-79.8376873435975,43.69086912684359
L7B,-79.54457096731362,43.95463053538032
L7C,-79.87216127613742,43.79928360251957
L7E,-79.78802180379307,43.916979712136666
L7G,-79.92359031074201,43.64527819942748
L7J,-80.05847289174146,43.64444036445451
L7K,-80.00610764949245,43.87275754499184
L7L,-79.76487821763055,43.37824003028852
L7M,-79.85441715404578,43.419111062207016
L7N,-79.78271809865933,43.350311556492855
L7P,-79.88598182657908,43.38061217153312
L7R,-79.84253484348436,43.37428093341074
L7S,-79.80667583411054,43.32088283500031
L7T,-79.85072063070861,43.30807333003376
L8E,-79.70222216164308,43.22639560536451
L8G,-79.7422541478073,43.2163979249209
L8H,-79.79184351164797,43.260770658088084
L8J,-79.7210445825446,43.18358389109808
L8K,-79.79938914209909,43.22107739381756
L8L,-79.8343991991612,43.27831591459442
L8M,-79.83587182386269,43.24410303859176
L8N,-79.98303312010384,43.389045073291584
L8P,-79.8924581225605,43.25141953431455
L8R,-79.87920775786529,43.27263506423585
L8S,-79.91614420528019,43.26056647793103
L8T,-79.82859594535168,43.21986256353379
L8V,-79.84991493245705,43.226583909834126
L8W,-79.84583129661976,43.19584622858028
L9A,-79.87098480552345,43.22710254042881
L9B,-79.90035353002062,43.205526298387745
L9C,-79.90489349697515,43.2312822285763
L9G,-79.99022360055011,43.1836096689548
L9H,-79.99168470608797,43.27896644713081
L9J,-79.63572313786189,44.33661941571316
L9K,-79.94269706063616,43.22496094564614
L9L,-78.95628710146772,44.103471671239035
L9M,-80.07638550191754,44.78943682851168
L9N,-79.5013718714148,44.11487884955797
L9P,-79.13442770499925,44.117362874457974
L9R,-79.87696355688153,44.15580595210458
L9S,-79.60103995548566,44.32294852560494
L9T,-79.88400423020248,43.51478168674403
L9V,-80.10794972450242,43.959733930901876
L9W,-80.10439307768145,43.97285327828905
L9Y,-80.2548366661672,44.54996525613896
L9Z,-80.07579652687677,44.52559482911108
M1B,-79.19299889514427,43.81130464935537
M1C,-79.1553611591969,43.78767192567811
M1E,-79.18617784357073,43.76698805319604
M1G,-79.21441882060792,43.77115684385078
M1H,-79.23888490981543,43.76864285123691
M1J,-79.23232680926534,43.74636008955092
M1K,-79.26393844909099,43.729765051417736
M1L,-79.28431103205926,43.71215270801504
M1M,-79.23050934929351,43.7223037212125
M1N,-79.2633443279082,43.6945125884655
M1P,-79.27065628696376,43.761154983902166
M1R,-79.30032198497334,43.750657582466836
M1S,-79.26439555594332,43.794598678829665
M1T,-79.30358819923597,43.781244293833375
M1V,-79.28189923718327,43.81774886553931
M1W,-79.32155066291682,43.801647054933724
M1X,-79.20685683041462,43.834025001294364
M2H,-79.35768692981972,43.801518905622636
M2J,-79.34785546549672,43.78010785453935
M2K,-79.38128052147165,43.77967560710264
M2L,-79.37638716318048,43.754738498662135
M2M,-79.41028137041744,43.79145621892873
M2N,-79.41112181062444,43.76733133184838
M2P,-79.39775421421051,43.749997250246416
M2R,-79.44496843294732,43.77855384531973
M3A,-79.32996615032724,43.754497434118925
M3B,-79.35897254414667,43.74496298007866
M3C,-79.34252791623842,43.72494037589908
M3H,-79.4472013462937,43.75348084103683
M3J,-79.49213632153486,43.769391062323066
M3K,-79.4691818628004,43.73903831102568
M3L,-79.51158207457657,43.73344825435796
M3M,-79.49277114695006,43.731858601078294
M3N,-79.5209871171901,43.756794949581156
M4A,-79.31476266894485,43.72755503088248
M4B,-79.30939547517819,43.706320250705026
M4C,-79.311645821213,43.69127735668057
M4E,-79.29425560782755,43.676932241168515
M4G,-79.36435886894246,43.712382759306124
M4H,-79.34639071177712,43.705870956598
M4J,-79.3367863092595,43.687226776515345
M4K,-79.35383683580471,43.68034433503303
M4L,-79.314397837939,43.66746996568354
M4M,-79.3405546468144,43.65614193679212
M4N,-79.39352226640821,43.73008556817296
M4P,-79.38865915606155,43.71351484213535
M4R,-79.40647588191042,43.714336993936584
M4S,-79.3853103626399,43.70198305719136
M4T,-79.38533663217507,43.68992714614161
M4V,-79.40251498800373,43.68611012539524
M4W,-79.37302415291006,43.6826915191062
M4X,-79.36894962253655,43.668421747312635
M4Y,-79.38301937185858,43.66562845020169
M5A,-79.36267194049273,43.65530765341774
M5B,-79.37825547553894,43.65716339550767
M5C,-79.37562343461364,43.65126243954659
M5E,-79.38086845896653,43.64751275899365
M5G,-79.38602565623724,43.65638259224175
M5H,-79.38333711333432,43.64960144262197
M5J,-79.35611431099402,43.6317828391504
M5M,-79.41774770007227,43.73345936405115
M5N,-79.41950118006599,43.7112980456738
M5P,-79.41198921188985,43.69663442427091
M5R,-79.40349978427749,43.673580911920425
M5S,-79.3987496965079,43.66293174365513
M5T,-79.39776597734702,43.654132620396894
M5V,-79.40207536234618,43.637991375044265
M6A,-79.45035728048097,43.722267855816696
M6B,-79.44794303546347,43.708051893628905
M6C,-79.43067853201896,43.691540616372826
M6E,-79.45069318541901,43.68887581906897
M6G,-79.42054112730528,43.668315996645326
M6H,-79.43776773771799,43.665466867416185
M6J,-79.41774266374647,43.64801483212657
M6K,-79.43255515092278,43.6373712179242
M6L,-79.48693815961167,43.71367480405395
M6M,-79.48573572857353,43.69343303262573
M6N,-79.48386319562977,43.67476331470461
M6P,-79.46331310815636,43.6604650280226
M6R,-79.45213430498455,43.646868598159806
M6S,-79.48280360150865,43.651236919755284
M8V,-79.49671715860627,43.605147052698754
M8W,-79.5337467299521,43.59154441029231
M8X,-79.50755316918917,43.65178575471497
M8Y,-79.49388589312973,43.63251563032042
M8Z,-79.52314020233769,43.62557289089556
M9A,-79.52824684976426,43.66622379785456
M9B,-79.55170272501145,43.65051515523211
M9C,-79.5767425216454,43.64372933921459
M9L,-79.55651120251476,43.759794229452716
M9M,-79.54012939706766,43.73663163519101
M9N,-79.51700050156155,43.70679010690887
M9P,-79.53227778953217,43.69488550606102
M9R,-79.55823961562736,43.68982259787024
M9V,-79.587606181123,43.74318737661183
M9W,-79.59089168101418,43.71442715029116
N0A,-79.90420062638412,42.89433255930988
N0B,-80.44139393375367,43.55688694353488
N0C,-80.50289879863955,44.256134588509056
N0E,-80.38512702054662,42.773004838018956
N0G,-81.07599896226819,44.00656284075794
N0H,-81.05689406244974,44.857381367541834
N0J,-80.72174688610939,42.96328851030277
N0K,-81.15815213739914,43.50669927191593
N0L,-81.43251791802577,42.702025480202444
N0M,-81.54908622056665,43.28123682587991
N0N,-82.12024019539747,42.96028761098898
N0P,-82.17566190369925,42.42644125122212
N0R,-82.73656958368646,42.13367287465624
N1A,-79.65383018699416,42.88224642042083
N1C,-80.22674646672372,43.49211552339291
N1E,-80.24178978519042,43.56766898070745
N1G,-80.22567440010188,43.518384248437265
N1H,-80.25860126005743,43.55573744198444
N1K,-80.28628100098983,43.52432718322174
N1L,-80.19002290278978,43.516011001661596
N1M,-80.37926052435317,43.73120285729099
N1P,-80.29552096988176,43.339771996913974
N1R,-80.27266905278722,43.35298765246013
N1S,-80.33473707957812,43.35920581889141
N1T,-80.2832779979535,43.38486744971482
N2A,-80.42456618852485,43.44127749019391
N2B,-80.44668307381411,43.464631256448925
N2C,-80.44507122483567,43.418189211955244
N2E,-80.50108607828639,43.41060927884086
N2G,-80.48910336776962,43.44434315437124
N2H,-80.48176471370861,43.458078292139376
N2J,-80.53664857154797,43.50401331902825
N2K,-80.49358629513806,43.49610050954812
N2L,-80.54538483219764,43.47145412432175
N2M,-80.50930195077565,43.43631333182031
N2N,-80.543805665989,43.426026344769305
N2P,-80.42964626352818,43.38778286609664
N2R,-80.48700970557078,43.38488502016849
N2T,-80.56916776432135,43.45300400292698
N2V,-80.58417817076582,43.476400897570116
N2Z,-81.54633395597394,44.16502309520405
N3A,-80.70337578949868,43.38795395979939
N3B,-80.55038671490694,43.61487858544017
N3C,-80.26486870537977,43.43892613330504
N3E,-80.35048403487646,43.41927450729108
N3H,-80.36989996180655,43.42673034981756
N3L,-80.36516333286042,43.21474093254203
N3P,-80.23670325218276,43.181829835991245
N3R,-80.26835105101505,43.16924564620535
N3S,-80.23571613774497,43.139447176867314
N3T,-80.24669303456315,43.135507099581346
N3V,-80.29797550891179,43.17344981775917
N3W,-79.95620148882676,43.06864753265744
N3Y,-80.30886316114864,42.80327804209004
N4B,-80.52914206049967,42.82555734083509
N4G,-80.72735144097223,42.854789332799164
N4K,-80.90917207092362,44.56362842341026
N4L,-80.61188542581066,44.56936103679148
N4N,-80.96884205932669,44.158628089885525
N4S,-80.73381689007883,43.143248910513655
N4T,-80.73188520626225,43.1485371917249
N4V,-80.74301153235231,43.11500961457812
N4W,-80.93435585962705,43.71137145975845
N4X,-81.16868779205576,43.265509580315005
N4Z,-80.98016601280456,43.367942945203794
N5A,-80.96361825920101,43.382691905436104
N5C,-80.8889498466314,43.0341829456791
N5H,-80.95420795367556,42.6970679219375
N5L,-81.2583809500887,42.6559515168307
N5P,-81.17690776241729,42.777938490601784
N5R,-81.17620347254261,42.75970425947951
N5V,-81.1643073207511,43.0232689736344
N5W,-81.18208819860585,42.985607304881924
N5X,-81.23911613312872,43.04428626769335
N5Y,-81.23068271980752,43.01234340565376
N5Z,-81.20527790108908,42.966016054453405
N6A,-81.25629175722014,42.997558917416605
N6B,-81.23860878546728,42.983509662970285
N6C,-81.23798939936273,42.958167729319165
N6E,-81.22440516786361,42.91847175304925
N6G,-81.3049468702601,43.01472173560615
N6H,-81.34023103498829,42.99146720750995
N6J,-81.27347457597183,42.95457391457534
N6K,-81.34183403030589,42.95362019454248
N6L,-81.24723332454771,42.871897201093496
N6M,-81.13924550828636,42.96321584721936
N6N,-81.1591769483888,42.89974330977783
N6P,-81.3235511663715,42.89092307804317
N7A,-81.68141574482252,43.814413831860655
N7G,-81.6449682610574,42.952342806508625
N7L,-82.19934842029498,42.420943129520595
N7M,-82.18926511224014,42.412999575575014
N7S,-82.30390602144482,43.07924164210968
N7T,-82.33141133497618,42.95190460512005
N7V,-82.38519186760368,43.0324030670007
N7W,-82.32587650820476,42.9644476309724
N7X,-82.32120606740772,43.02137201452606
N8A,-82.39060818018238,42.59231308216443
N8H,-82.5510267715172,41.93036206127537
N8M,-82.84451093929606,42.163700587135125
N8N,-82.85765374062507,42.31207038208564
N8P,-82.91268502103348,42.333961920510745
N8R,-82.91498847774123,42.30669217791252
N8S,-82.94888426062184,42.330474675898905
N8T,-82.94592563798462,42.3036951474454
N8V,-82.94471564386177,42.277268671344956
N8W,-82.97711384789471,42.28359526554917
N8X,-83.018595992289,42.2925865755267
N8Y,-82.99342054851012,42.319636566808214
N9A,-83.01032379515378,42.244423439973204
N9B,-83.05289899826077,42.296310205838516
N9C,-83.08193113168225,42.27743594085171
N9E,-83.03140707824177,42.26521627391487
N9G,-82.9952245301954,42.248123793943876
N9H,-83.02808728532611,42.23176539837081
N9J,-83.08839274759744,42.21718978510344
N9K,-82.87006810629288,42.297770878298785
N9V,-83.05980493770251,42.03194282217399
N9Y,-82.7437647115503,41.9479866857527
P0A,-79.35457687047393,45.58807172128292
P0B,-79.41146445737503,45.186309343535
P0C,-80.1447438466263,45.10364315587522
P0E,-79.57345135915592,44.861627658293244
P0G,-80.61628613036794,45.563571969784846
P0H,-79.36171146131888,46.31093492771851
P0J,-80.20362031912492,47.57764007507468
P0K,-80.3081407215444,48.5234023265907
P0L,-83.53489136723339,51.96965273592442
P0M,-82.46462319004618,47.63804240878327
P0N,-81.01148835140617,48.60273362663053
P0P,-82.11088408293178,45.84204707376609
P0R,-83.06397788109771,46.51768973764816
P0S,-84.22208573017016,48.05366786639612
P0T,-88.44954681599644,49.10425743265811
P0V,-90.15066175194521,52.96465438505994
P0W,-93.85541936930872,48.9090029041662
P0X,-93.33476538892253,50.901649553077135
P0Y,-95.10029159799784,49.760299316148675
P1A,-79.4502371245251,46.28010610698469
P1B,-79.58296206980197,46.33635215660123
P1C,-79.42229921217233,46.33967428240688
P1H,-79.1503019887366,45.37483875465232
P1L,-79.21927732396931,45.05587061733308
P1P,-79.32615711777493,44.93762450686886
P2A,-79.89718021875514,45.3837944383758
P2B,-79.89809648894013,46.37032297166864
P2N,-79.97521300838922,48.21401474582125
P3A,-80.93395418715897,46.51870270099923
P3B,-80.93040818577144,46.48465876480468
P3C,-81.022537030727,46.51328620953119
P3E,-80.90628699485627,46.267567687833164
P3G,-80.97447872572913,46.403103428939325
P3L,-80.84995557404659,46.59422753352048
P3N,-81.00285221263185,46.58447157966013
P3P,-81.01662345879933,46.72588515684781
P3Y,-81.12697786820372,46.44311839249129
P4N,-81.46561708179362,48.49652005636466
P4P,-81.34478373907025,48.49848451520783
P4R,-81.39971046029346,48.47016713529671
P5A,-82.6321815065784,46.40639256544374
P5E,-81.70551435985955,46.18966070600397
P5N,-82.36930465093718,49.4027249399684
P6A,-84.33982322452661,46.60717715977069
P6B,-84.30463172398977,46.53072337312741
P6C,-84.37319722815671,46.5352821658744
P7A,-89.1946853429966,48.45405147135041
P7B,-89.40569413382812,48.946595198690645
P7C,-89.45700812766097,48.353724614657196
P7E,-89.28401400666402,48.36844915396356
P7G,-89.32772207974644,48.46413264326269
P7J,-89.24502146888993,48.31436636381083
P7K,-89.34843092952292,48.37279411728648
P7L,-89.38560189429747,48.150797214483624
P8N,-91.8987499485693,49.95318422337448
P8T,-91.84528399894816,50.32523537183835
P9A,-93.13631247282672,48.6187107419848
P9N,-94.39356825683078,49.70454794860062
R0A,-96.2766143618422,49.288182108469044
R0B,-96.91166106775319,56.27024980324155
R0C,-97.85254459958172,51.41321750654041
R0E,-95.96102290922454,50.475145813925515
R0G,-98.08687169950502,49.43937674735607
R0H,-98.51524192787429,50.34576532330532
R0J,-100.13448475115362,50.584235118979166
R0K,-99.71539948107744,49.55500606754807
R0L,-100.29009573949979,52.009181633962875
R0M,-100.9262902846725,49.7109780831459
R1A,-96.97305529868706,50.13765492415878
R1B,-96.9353376340857,50.08403790377888
R1N,-98.30476856191534,50.00897892116613
R2C,-96.95633412531085,49.92466414725251
R2E,-97.01282611709,49.97908826549306
R2G,-97.05710151857562,49.941312028756016
R2H,-97.11862503876212,49.884566695189584
R2J,-97.06333081898596,49.866477769795964
R2K,-97.08300808923846,49.92028727829842
R2L,-97.09956373892456,49.907495554615885
R2M,-97.11472925957415,49.83963957527097
R2N,-97.09726224297233,49.7837996270941
R2P,-97.15543239924156,49.969568855860196
R2R,-97.2162329279506,49.93766954062406
R2V,-97.1112225202936,49.95483341789281
R2W,-97.13540867497437,49.91950157571441
R2X,-97.17332260467535,49.932161528466054
R2Y,-97.29450124667922,49.90728033538822
R3A,-97.14885915602116,49.9038119104118
R3B,-97.1400990726371,49.89802255522977
R3C,-97.21837167569117,50.011028208185564
R3E,-97.17790556239136,49.90812041744862
R3G,-97.18073908074446,49.887585371821984
R3H,-97.20736804256505,49.90333636188065
R3J,-97.2404393337629,49.896603370889316
R3K,-97.30702477135739,49.873361010513555
R3L,-97.1356148278761,49.86702743522159
R3M,-97.1665187185127,49.86250383540528
R3N,-97.19594770682822,49.86291994592412
R3P,-97.21817705135443,49.84248743440113
R3R,-97.2873843315878,49.854602695291156
R3S,-97.29336769317565,49.825532500930805
R3T,-97.1530975640509,49.814276393192124
R3V,-97.17454329946678,49.746247208908486
R3W,-97.0401184504276,49.91408097263165
R3X,-97.0321902481397,49.82085608338424
R3Y,-97.21470720034614,49.78851155383043
R4A,-97.11470658171827,50.021071475059465
R4H,-97.3812132895203,49.876094689405505
R4J,-97.43188489919659,49.8467253714752
R4K,-97.60044525878223,49.89084911405133
R4L,-97.55445306758592,49.937242696552836
R5A,-97.08356691606969,49.71199622830993
R5G,-96.70147259229594,49.50408811892445
R5H,-96.574882516238,49.68579516840873
R6M,-98.13505414307008,49.104531134731054
R6W,-97.9284329751761,49.138270459266934
R7A,-99.95651638374842,49.817366567376695
R7B,-99.98307455183895,49.84195643794087
R7C,-99.96500443000917,49.88171882560575
R7N,-100.03133893504176,51.14879515389211
R8A,-101.06841991213922,55.08998739229955
R8N,-97.92808494429855,55.5304317259442
R9A,-101.29329183014603,53.70398310741248
S0A,-102.90648036185034,51.48184834478505
S0C,-103.25665591170635,49.396113375397704
S0E,-103.09994773484583,53.13633868475965
S0G,-104.099966104585,50.57669300601081
S0H,-106.24900034796482,49.9841378465748
S0J,-105.82415551965967,57.199190039054464
S0K,-106.50197180315814,52.262318957710534
S0L,-108.48979090106853,51.48271726013456
S0M,-108.9572458372599,54.92348060674046
S0N,-108.72363822325566,49.911616322896435
S0P,-102.74150046000064,55.01623819694935
S2V,-104.9117151128974,50.628262235700426
S3N,-102.40642851144646,51.20647852897216
S4A,-103.12934746818559,49.125228010391645
S4H,-103.85458684389538,49.646633016578086
S4L,-104.27325506217109,50.413204408918546
S4N,-104.54098220956008,50.46705524268552
S4P,-104.67735457618176,50.41898115684125
S4R,-104.61627429459834,50.4855141716737
S4S,-104.61030853898747,50.41534906902643
S4T,-104.66495575497413,50.45073216683862
S4V,-104.53889057024132,50.42506349763891
S4W,-104.65361457553813,50.40776888716635
S4X,-104.59460339804953,50.50235499301293
S4Y,-104.69862403940218,50.476837392956995
S4Z,-104.53225322790887,50.449715275488984
S6H,-105.58148273718666,50.263523329700604
S6J,-105.53927872579264,50.418464056257854
S6K,-105.64182797899811,50.453958814900794
S6V,-104.30485340054784,54.492959393205496
S6W,-105.77412305264073,53.17852141629779
S6X,-105.7024700944443,53.19356265531869
S7H,-106.60406810882934,52.116547230085544
S7J,-106.62516091013322,52.09609578646264
S7K,-106.64790670607238,52.061357244102716
S7L,-106.70664410593342,52.1525967837087
S7M,-106.72349677240943,52.11330599792363
S7N,-106.60802352007974,52.140371854805444
S7P,-106.50762918452203,52.26879898703379
S7R,-106.716299580001,52.15877147202791
S7S,-106.58639915025252,52.160863780101295
S7T,-106.65954305637933,52.04028259630827
S7V,-106.55533071048525,52.097620287787315
S7W,-106.56142367797813,52.15704635086969
S9A,-108.12339685349235,52.824061507342996
S9H,-107.7538671841455,50.32161133117837
S9V,-109.79815901401385,53.38110585966929
S9X,-108.28521969001952,53.97974795415361
T0A,-111.71744925388968,54.766027275827895
T0B,-111.58155152911739,53.07274254871737
T0C,-112.81127227651932,52.49222598004183
T0E,-117.23077422227415,53.40210859584363
T0G,-114.45294178486714,55.69925356236012
T0H,-116.91531828347755,57.5402866140666
T0J,-111.4632185447889,50.99435639229003
T0K,-112.2408416121876,49.47208543544651
T0L,-114.40886667627156,50.631372965565625
T0M,-114.86911731715242,51.95516720154258
T0P,-111.50942852857955,58.11760613656098
T0V,-111.67172778727087,59.90486174702954
T1A,-110.57876379211181,50.08157623398429
T1B,-110.52031769948182,49.835000559847195
T1C,-110.69110915932959,50.077390887353054
T1G,-112.1363606896008,49.779513013777105
T1H,-112.81727068095225,49.72889004967486
T1J,-112.74839651338611,49.65806538893324
T1K,-112.83510494983122,49.651115852235435
T1L,-115.60066318767227,51.17477099928838
T1M,-112.51771430378287,49.722619056729954
T1P,-113.36572961511237,51.05283200244575
T1R,-112.00142118857094,50.551719481674986
T1S,-114.05709033250645,50.701916789680666
T1V,-113.89312315131376,50.58024324757283
T1W,-115.2971740148102,51.40950896906277
T1X,-113.7955111593902,50.92789784569389
T1Y,-113.95781940172277,51.082328389247145
T2A,-113.9564094846906,51.04940770250669
T2B,-113.98100007191776,51.02085712290439
T2C,-113.963422535309,50.98696007709794
T2E,-114.02144305098777,51.08762176998018
T2G,-114.03488210279511,51.02717045820758
T2H,-114.05200955097888,50.98939767548692
T2J,-114.19584612324556,50.847592802214635
T2K,-114.04771119260278,51.11112732393586
T2L,-114.1148202426374,51.10466380287424
T2M,-113.85598016962386,51.13300008583946
T2N,-114.11588151362066,51.062119188645134
T2P,-113.69311003263591,51.0708477565895
T2R,-114.07617894229793,51.04123319133008
T2S,-114.0710115050642,51.02332526508764
T2T,-114.10043763753714,51.02418870074664
T2V,-114.10038003109537,50.98189372669519
T2W,-114.35907257177105,50.951356256813426
T2X,-114.03262855338902,50.88366154816415
T2Y,-114.1028017352294,50.90934686734338
T2Z,-113.96817359718051,50.92784805928367
T3A,-114.14185803952614,51.1263607134731
T3B,-114.20727954883607,51.09149947033539
T3C,-114.13936975319739,51.049718657333116
T3E,-114.15735157836465,50.98994286622399
T3G,-114.20145278808285,51.13865362804001
T3H,-114.19999501883972,51.041887360078874
T3J,-113.94708962402945,51.11878966628785
T3K,-114.05722595825632,51.15632158923247
T3L,-114.31333174512051,51.14667219823862
T3M,-113.95548992017271,50.87963569545647
T3N,-113.95366896699149,51.16258351490477
T3P,-114.13475281350364,51.20744319698848
T3R,-114.24533151052769,51.20209961382624
T3S,-113.89317879692443,50.915304808219545
T3Z,-114.47273367820524,51.06909877788024
T4A,-113.98804096277966,51.27994649575851
T4B,-114.03984918191318,51.3081868623225
T4C,-114.75263537261237,51.380000432881516
T4E,-113.72385912115419,52.212029397255044
T4G,-113.98537645230013,52.02337705883848
T4H,-114.0476381226926,51.7979784905934
T4J,-113.61574446932308,52.70202180637048
T4L,-113.71264142001188,52.475649663767406
T4N,-113.83581377633682,52.23160411505267
T4P,-113.80729531412491,52.29541370984991
T4R,-113.77840655458142,52.242390295006516
T4S,-114.1379407819486,52.30172265375295
T4T,-115.55183799035962,52.55892599066944
T4V,-112.80298958993212,53.06581356214995
T4X,-113.41508665106137,53.35221868427883
T5A,-113.40770235529327,53.593087689361575
T5B,-113.33690096153806,53.73527054187473
T5C,-113.45490858388723,53.599630859305584
T5E,-113.45235889506438,53.735806133975004
T5G,-113.50511363980357,53.57054265241672
T5H,-113.49159561600057,53.55135481042382
T5J,-113.49736452885867,53.542789673139524
T5K,-113.51033082297124,53.53656160527404
T5L,-113.55261708640327,53.584958565123586
T5M,-113.56615073782936,53.562967948083006
T5N,-113.55736518299675,53.54358705378357
T5P,-113.59568001130296,53.54630202133202
T5R,-113.5796574949663,53.51806965024112
T5S,-113.66971520155714,53.5634161748428
T5T,-113.65791860307269,53.5185222968216
T5V,-113.62241502998127,53.58477955300629
T5W,-113.40220315888945,53.56450402431081
T5X,-113.5244555909624,53.63128474915929
T5Y,-113.3613865526722,53.65848842339127
T5Z,-113.46733133521727,53.63653913803984
T6A,-113.43175761186068,53.54818553090662
T6B,-113.4193575394371,53.51281591133466
T6C,-113.45900915427232,53.52196887912162
T6E,-113.48020247040917,53.491405889766156
T6G,-113.53236806818362,53.52101816931388
T6H,-113.45849499057212,53.375323456639265
T6J,-113.52098793851935,53.456391595120515
T6K,-113.45194649543899,53.46085752571519
T6L,-113.414479738814,53.45931776057449
T6M,-113.65455516577245,53.459299640185755
T6N,-113.47757210201468,53.46496975991651
T6P,-113.372342499306,53.50779953403474
T6R,-113.58006482343184,53.456721930996295
T6S,-113.3373751071098,53.58063245656449
T6T,-113.37099672893213,53.461698954399175
T6V,-113.57456973959012,53.61117685305254
T6W,-113.57853814762649,53.41786770249662
T6X,-113.41777287304178,53.415397773815386
T7A,-115.16772728772162,53.15898030733785
T7E,-116.4767616865283,53.50422399641141
T7N,-114.56884335818975,54.122060228534124
T7P,-113.93564951182803,54.219895753655166
T7S,-115.90015760842546,54.17073264901793
T7V,-117.21624050369434,53.34560074289578
T7X,-113.84833352760836,53.546126728421896
T7Y,-113.80965707071682,53.41843290049964
T7Z,-114.08088236594403,53.46578630459283
T8A,-113.25118082526723,53.528033857156416
T8B,-113.29516172017462,53.43966309132926
T8C,-113.1902575722873,53.439084374793374
T8E,-113.10221893625358,53.52248267049587
T8G,-112.9529225144828,53.505243204231576
T8H,-113.29523639377292,53.55601724641179
T8L,-113.07101125487087,53.72631235737001
T8N,-113.63480174180262,53.6393278991297
T8R,-113.74333043020701,53.8264818332951
T8S,-117.30412384760366,56.37184197599728
T8T,-113.7102248199118,53.68666205933513
T8V,-118.75815159210386,55.17302172541508
T8W,-118.80362043100712,55.135935093152966
T8X,-118.74569084857681,55.183360584817194
T9A,-113.45112896056567,52.92835913487212
T9C,-112.02711605386448,53.487896202355664
T9E,-113.55388072174004,53.24876581569905
T9G,-113.73121188202185,53.354235000174086
T9H,-111.135698102924,56.663987206204105
T9J,-111.37708730702764,56.70704702943197
T9K,-111.43500220362682,56.75380445275407
T9M,-110.36058569677306,54.514082209110306
T9N,-110.75063436944437,54.25743158054318
T9S,-113.3105332713089,54.78065383948765
T9V,-110.08525699415564,53.27167500090311
T9W,-110.78200469489569,52.85943547992858
T9X,-110.80684430749754,53.28264027290985
V0A,-116.93902231820135,51.2993776041104
V0B,-115.56364310514405,49.677541122595194
V0C,-125.71673297208292,58.38735457168219
V0E,-119.20342332040721,51.50496356667483
V0G,-117.42906311938009,50.05297979192175
V0H,-119.00537317762475,49.40887036763984
V0J,-126.86192131178781,55.99543624339326
V0K,-121.63844544570085,51.43668985583197
V0L,-123.6525642228253,52.099267992093914
V0M,-122.03797617740409,49.63456181716159
V0N,-125.61369054363124,50.530585778931446
V0P,-125.87462111631804,50.27422698435517
V0R,-124.88443289949898,49.05092656792739
V0S,-124.21242039956446,48.50559412889213
V0T,-129.80733351282493,52.79614693508591
V0V,-130.05341897175944,53.87955664069519
V0W,-133.5432538446737,59.63777665929944
V0X,-120.65687549560877,49.368814739158516
V1A,-116.32811659171306,49.69591572437266
V1B,-118.93797292765159,50.0840170287787
V1C,-115.91331689963901,49.47307633535574
V1E,-119.3176577437317,50.64430679506497
V1G,-120.44527359705492,55.42954081800177
V1H,-119.49747207725177,50.28680379636216
V1J,-121.75708387181729,57.041994002397985
V1K,-120.85388250064321,50.06007378412829
V1L,-117.22647519195691,49.54847445462304
V1M,-122.57922223032081,49.16609758936219
V1N,-117.9515925422013,49.43377341887656
V1P,-119.17242318737837,49.89585316361093
V1R,-117.71438703693238,49.05447336612079
V1S,-120.54769193626755,50.55829854863464
V1T,-119.27739149852418,50.26035471831692
V1V,-119.43390497618171,49.949680404564575
V1W,-119.50756992781696,49.81201019372604
V1X,-119.28579636503208,50.05277113734149
V1Y,-119.4851503312223,49.89276961701369
V1Z,-119.6401524784113,50.02270174572616
V2A,-119.653108319739,49.45818902021236
V2B,-120.50713177904984,50.834924933296406
V2C,-120.09365471041657,50.543749942548295
V2E,-120.32117755476904,50.66185741429267
V2G,-122.56479414344727,52.14989274411181
V2H,-120.16594461475515,50.72618431240295
V2J,-123.12508352477751,52.992927520480244
V2K,-122.92213658020573,54.05082579759614
V2L,-122.74730851251347,53.90784212978124
V2M,-122.87082312350361,53.91266128020751
V2N,-122.9540476382344,53.640790703934975
V2P,-121.90459469664935,49.183797266450085
V2R,-121.98825406681769,49.07603379751633
V2S,-122.28348831108293,49.04233617315357
V2T,-122.34853892611838,49.03838462615256
V2V,-122.50466744342212,49.6462743810816
V2W,-122.48514322640555,49.20684805896024
V2X,-122.61642994104906,49.21962755897356
V2Y,-122.62357207557083,49.12847675075579
V2Z,-122.59973846707601,49.04827711380441
V3A,-122.65255202995137,49.087102447600046
V3B,-122.76492884800713,49.274041347175874
V3C,-122.78652910965715,49.24364139605717
V3E,-122.73841215586305,49.31673058421839
V3G,-122.17796910884887,49.07537575858312
V3H,-122.87009802252369,49.32316026350297
V3J,-122.87156425571123,49.265032126516935
V3K,-122.85206942432558,49.23656050998845
V3L,-122.89983351207698,49.220142446731565
V3M,-122.93844939843913,49.18857630028378
V3N,-122.93009205097681,49.227488784483086
V3R,-122.81312181062046,49.194789556388244
V3S,-122.75933408296132,49.078145597323264
V3T,-122.84536663848014,49.1894303709072
V3V,-122.87299665083479,49.188907470804935
V3W,-122.85686631335197,49.14098616541717
V3X,-122.85760845620788,49.10671920364913
V3Y,-122.6637771285679,49.27160845990983
V4A,-122.87422408333148,49.029732701488236
V4B,-122.81452617190146,49.01729213954376
V4C,-122.91239428112759,49.15506656548717
V4E,-122.9056219762325,49.119724407463025
V4G,-122.99497181593038,49.14483791540717
V4K,-123.16726571475795,49.073739664738554
V4L,-123.03380036189137,49.03785562789614
V4M,-123.10286176481027,49.02599291508243
V4N,-122.73263700714578,49.17069282674322
V4P,-122.83022329301366,49.05608497685075
V4R,-122.51685210710758,49.29027750239005
V4S,-122.35738171571928,49.25283054719507
V4T,-119.73872260298536,49.86601708214642
V4V,-119.39809236515903,50.07106587834465
V4W,-122.49770998259342,49.07125617917545
V4X,-122.40260775208333,49.086109857494755
V4Z,-121.60978633647288,49.07868232325168
V5A,-122.9367178778111,49.26533310107921
V5B,-122.97510902559584,49.28033039872769
V5C,-123.00751058554998,49.274580186454386
V5E,-122.95742470366686,49.22724890868656
V5G,-122.99376764537256,49.247835540197165
V5H,-122.99517078637342,49.230180743556744
V5J,-122.99212155716441,49.2037815516693
V5K,-123.0393825996239,49.28224052350323
V5L,-123.06660388543344,49.28335767357725
V5M,-123.03982826987814,49.26003079929088
V5N,-123.0667253374011,49.25511866407815
V5P,-123.06832843648253,49.22201558970093
V5R,-123.0407419576778,49.239661050748396
V5S,-123.03800679649689,49.21751505872553
V5T,-123.09225409802166,49.26196061462285
V5V,-123.09131973937592,49.24796425532496
V5W,-123.09165222496537,49.23274191818144
V5X,-123.09786498543053,49.215561043349
V5Y,-123.11038362714451,49.24976543410791
V5Z,-123.12090670389371,49.2481998574972
V6A,-123.09115202967072,49.28300272694551
V6B,-123.11341650807684,49.27853014836444
V6C,-123.11450520072135,49.29166702549345
V6E,-123.13348600047448,49.28356495326894
V6G,-123.14346431792735,49.29963137070291
V6H,-123.13198771438414,49.25649226180558
V6J,-123.146239470352,49.262817895967814
V6K,-123.1642496182301,49.26654159198194
V6L,-123.16601067597959,49.24973878037468
V6M,-123.14505912773183,49.23438508248308
V6N,-123.18896536580493,49.23023494756162
V6P,-123.13958023833025,49.21514528717195
V6R,-123.1944183066951,49.27154114459949
V6S,-123.20878419101912,49.249134826256494
V6T,-122.83038234841469,49.45977416991728
V6V,-123.03856063106541,49.18530578726491
V6W,-123.04797358101555,49.153424018856136
V6X,-123.11677796400218,49.1836469455125
V6Y,-123.11695988801091,49.15839240223316
V6Z,-123.12574790784001,49.27476118995273
V7A,-123.11710695860168,49.12046481600257
V7B,-123.37085923859183,49.214610870546885
V7C,-123.1865616644639,49.16244877313453
V7E,-123.21785836351928,49.12995109161193
V7G,-122.92550802405555,49.36482510248925
V7H,-122.98128143516946,49.35052576973719
V7J,-123.017993050154,49.36139311146719
V7K,-123.03774279230065,49.35968350199751
V7L,-123.05857774445654,49.31184278230934
V7M,-123.08598255978738,49.3147927423793
V7N,-123.06789548419853,49.35004499636775
V7P,-123.11334611635989,49.31804727525944
V7R,-123.08618394818721,49.37750722610628
V7S,-123.18642848437415,49.37447665113701
V7T,-123.14241929144717,49.33094647603022
V7V,-123.1936487886354,49.33863832851916
V7W,-123.2646908612846,49.361781518005785
V7Y,-123.11898400732707,49.28192663395271
V8A,-124.320495774967,49.999269880500705
V8B,-123.13201616706533,49.71636230980516
V8C,-128.72521567647016,53.97050613868968
V8G,-128.5731574964642,53.63800127970312
V8J,-130.2492259848117,54.47384957041983
V8K,-123.50039747662032,48.832039910171424
V8L,-123.36928277377508,48.65381796505458
V8M,-123.4213965924895,48.58267342306673
V8N,-123.27595347248828,48.49549286913288
V8P,-123.33245556275857,48.45825577526367
V8R,-123.31462781578884,48.43792183007981
V8S,-123.2812084268764,48.36764600904673
V8T,-123.35673747186854,48.43915849320906
V8V,-123.36738055256373,48.416960728341444
V8W,-123.36633249956218,48.426828935178555
V8X,-123.3657806931999,48.477694188887554
V8Y,-123.37360613751443,48.524968384311784
V8Z,-123.4003543818677,48.499188297501505
V9A,-123.40942866387076,48.43642483477163
V9B,-123.52640538479555,48.479203396021774
V9C,-123.51318009466664,48.34387852053065
V9E,-123.45304351766883,48.52202478053505
V9G,-123.83568389378676,49.00086507301757
V9H,-125.55103213774818,49.9194328231982
V9J,-125.23978277561555,49.72844281697943
V9K,-124.56252518205106,49.35497568793841
V9L,-123.73717250362925,48.77757555411864
V9M,-124.84283167178253,49.70364730960831
V9N,-124.97190490459633,49.655910971141836
V9P,-124.1953842582684,49.24405489317608
V9R,-123.92409961440342,49.1475356652335
V9S,-123.95600466488563,49.19068485333346
V9T,-124.01482815791921,49.21502670020869
V9V,-123.93342687147734,49.293231231890566
V9W,-125.58517785945007,50.07637858661779
V9X,-124.25402991951826,49.109264026411665
V9Y,-125.0760638768016,49.30425871963773
V9Z,-123.95127598697077,48.45098134784831
X0A,-86.36304492460147,75.18423532476953
X0B,-103.93084539792265,69.18275512447376
X0C,-92.13839839851956,63.08399010426475
X0E,-124.01280351794742,73.61568605235716
X0G,-123.38260088894134,60.25630029489224
X1A,-106.79469066254435,61.49090741205928
Y0A,-131.14810565578557,61.57934643055977
Y0B,-137.54093852990545,64.66367521559945
Y1A,-135.1518183350448,60.68548685763575
