FSA,mean_uranium,max_uranium
A0A,,
A0B,,
A0C,0.8465307827653556,2.0300092697143555
A0E,0.6373286786861287,3.5090830326080322
A0G,1.0473292805137435,3.8119893074035645
A0H,0.9226324418011833,5.422686576843262
A0J,0.6630159934855396,2.1147971153259277
A0K,0.8462048838574598,3.0887653827667236
A0L,1.00888192653656,1.00888192653656
A0M,1.2188597014456084,5.084439754486084
A0N,1.0367694883856156,9.651870727539062
A0P,0.20241270553234011,5.668276309967041
A0R,1.6765090194674455,6.243576526641846
A1A,,
A1B,,
A1C,,
A1E,,
A1G,,
A1H,,
A1K,,
A1L,,
A1M,,
A1N,,
A1S,,
A1V,0.9235614538192749,1.1699808835983276
A1W,,
A1X,,
A1Y,,
A2A,,
A2B,,
A2H,0.747479145343487,1.100862979888916
A2N,0.34911397099494934,0.34911397099494934
A2V,,
A5A,,
A8A,0.8314790051392834,2.024928569793701
B0C,1.0480443560887898,2.698495626449585
B0E,0.8489331501286205,2.5385100841522217
B0H,1.1333026560500212,4.39704704284668
B0J,1.0148384630544927,5.2143707275390625
B0K,1.1363344847700978,2.010526657104492
B0L,0.9038803998161765,1.2602386474609375
B0M,0.9974412020905923,1.9096382856369019
B0N,1.0397878793569713,2.3752455711364746
B0P,0.8035666329520089,1.7689478397369385
B0R,1.0429048538208008,2.3124136924743652
B0S,1.1803016140036386,2.265188217163086
B0T,0.830739854257318,2.1031033992767334
B0V,0.38281503090491664,1.4228858947753906
B0W,0.9846795075131158,5.573055267333984
B1A,1.0209977286202567,1.4291267395019531
B1B,0.8245829582214356,1.3064873218536377
B1C,0.30425382341657364,0.5360312461853027
B1E,,
B1G,1.1643610000610352,1.275791883468628
B1H,1.0933249473571778,1.3886222839355469
B1J,1.0431687831878662,1.5465121269226074
B1K,0.6760035842212279,1.3595298528671265
B1L,1.0737214618259006,1.3358404636383057
B1M,0.9548381169637045,1.2514369487762451
B1N,0.9416460196177164,1.141953945159912
B1P,0.6304904222488403,0.9639877676963806
B1R,1.282665491104126,1.4611289501190186
B1S,,
B1T,0.6294699129850968,1.1043998003005981
B1V,0.40355122089385986,0.558728039264679
B1W,0.5986402034759521,0.8196689486503601
B1X,0.5652880668640137,1.0763828754425049
B1Y,0.8168076346902287,1.371346354484558
B2A,0.9825605979332557,1.257076382637024
B2C,0.4747321422283466,1.198923110961914
B2E,0.9007140398025513,1.08152437210083
B2G,0.9776571485731337,1.5829050540924072
B2H,1.0699246448019277,1.5035797357559204
B2J,0.46878417845695247,0.8849637508392334
B2N,1.1354843775431316,1.383638620376587
B2R,1.3317015171051025,2.040875196456909
B2S,1.2547450499101118,1.6726986169815063
B2T,1.1598965680157696,1.8801641464233398
B2V,,
B2W,0.8434226512908936,0.8636027574539185
B2X,0.9413699507713318,0.9413699507713318
B2Y,1.052639365196228,1.052639365196228
B2Z,1.096704703110915,2.316849708557129
B3A,1.0693517923355103,1.0693517923355103
B3B,1.0301768779754639,1.0301768779754639
B3E,1.6434499422709148,2.4900646209716797
B3G,0.6874863760811942,0.8248714208602905
B3H,0.5202144980430603,0.5202144980430603
B3J,,
B3K,,
B3L,1.059332251548767,1.059332251548767
B3M,0.6395833492279053,0.6395833492279053
B3N,1.461572289466858,1.461572289466858
B3P,,
B3R,1.442408561706543,2.0760276317596436
B3S,0.9951620697975159,0.9951620697975159
B3T,1.7530505922105577,3.0577118396759033
B3V,1.6525012969970703,1.9526360034942627
B3Z,2.079800469534738,3.5387306213378906
B4A,1.0911221504211426,1.2230727672576904
B4B,1.1586447715759278,1.462518572807312
B4C,0.9445726871490479,1.0032466650009155
B4E,0.9868288040161133,1.129325032234192
B4G,1.0857456922531128,1.7803266048431396
B4H,0.957624687338775,1.6729611158370972
B4N,1.1048980553944905,1.5259456634521484
B4P,1.1824323018391927,1.6228771209716797
B4R,,
B4V,1.0700865173339844,1.4737964868545532
B5A,0.6011867523193359,0.9894863963127136
B6L,1.0941500196269913,1.4974830150604248
B9A,1.2464316685994465,1.5028610229492188
C0A,0.7472363462542543,1.2903765439987183
C0B,0.8771829044117647,1.3643760681152344
C1A,0.728677241007487,0.8743091821670532
C1B,0.6696797609329224,0.6915456652641296
C1C,,
C1E,0.8033899160531851,1.110870361328125
C1N,1.0190876960754394,1.3287367820739746
E1A,1.0683703422546387,1.2452843189239502
E1B,1.0269707838694255,1.1968262195587158
E1C,,
E1E,1.2101637522379558,1.46253502368927
E1G,0.9267505645751953,1.2851444482803345
E1H,0.9396074083116319,1.2083415985107422
E1J,0.8938760023850661,1.0059489011764526
E1N,0.868546724319458,1.1402175426483154
E1V,1.0781022192726673,2.275980234146118
E1W,,
E1X,,
E2A,1.0107064461922861,2.082012414932251
E2E,1.0818580389022827,1.1821902990341187
E2G,0.9023295640945435,0.9511018395423889
E2H,0.614904522895813,0.6978421807289124
E2J,0.867355744043986,1.0501434803009033
E2K,0.7628900408744812,1.064131498336792
E2L,,
E2M,0.8720739228384835,1.1934312582015991
E2N,0.822362232208252,1.042270302772522
E2P,1.0060508251190186,1.0715187788009644
E2S,0.830449210272895,1.0402806997299194
E2V,0.8659332938816237,1.0969687700271606
E3A,0.5735499941069504,0.9708324074745178
E3B,0.7010456965519831,1.022769570350647
E3C,0.864389955997467,0.9935568571090698
E3E,0.9438219751630511,1.1412137746810913
E3G,0.7881276266915458,1.0820914506912231
E3L,0.9820615980360243,1.28727126121521
E3N,0.7030098778860909,1.1576601266860962
E3V,1.1135794639587402,1.1385561227798462
E3Y,0.941571499438996,1.1834443807601929
E3Z,0.9799612998962403,1.1938036680221558
E4A,0.9033591860816592,1.5225944519042969
E4B,0.7121285831227022,1.9799972772598267
E4C,0.9769101937611898,1.4432631731033325
E4E,0.9594496213472806,1.3893449306488037
E4G,1.1216844831194197,1.5043163299560547
E4H,0.7404121576353561,1.1123607158660889
E4J,0.9465859153053977,1.2839349508285522
E4K,0.8835702514648438,1.202614665031433
E4L,0.822489906759823,1.3357230424880981
E4M,1.0247999538074841,1.2938945293426514
E4N,,
E4P,0.8737996646336147,1.2659728527069092
E4R,1.0103970766067505,1.2078454494476318
E4S,,
E4T,0.618666394551595,1.4048116207122803
E4V,,
E4W,,
E4X,,
E4Y,0.6049353281656901,0.7398282289505005
E4Z,1.0324346127717392,2.3202455043792725
E5A,1.0510434237393467,1.8816593885421753
E5B,0.7495758350078876,1.3272895812988281
E5C,1.8357371794871795,4.3976640701293945
E5E,0.2873765528202057,0.2873765528202057
E5G,,
E5H,0.9185663111069623,1.4681899547576904
E5J,1.108087886463512,3.541968584060669
E5K,1.7142657873765477,3.9784088134765625
E5L,1.5444664816254552,5.260529518127441
E5M,0.9511349652264569,1.6284825801849365
E5N,1.035501934233166,1.2615604400634766
E5P,1.0858327616815981,1.5663743019104004
E5R,0.7716156581662735,1.1868770122528076
E5S,0.7509038925170899,1.1149564981460571
E5T,0.9727373430805821,1.2912462949752808
E5V,0.4241623083750407,0.9939165711402893
E6A,1.2877865897284613,5.784102916717529
E6B,1.0199923957746053,2.657489538192749
E6C,0.550320053100586,0.9255936145782471
E6E,1.0342960902622769,1.5985159873962402
E6G,1.018929163614909,1.746785044670105
E6H,1.0046747381036931,1.5718109607696533
E6J,1.3135846455891926,1.9979844093322754
E6K,0.9174927502143674,1.7309222221374512
E6L,1.0712671587544103,1.372664451599121
E7A,0.7462660136975741,1.062455177307129
E7B,1.062469711303711,1.1996488571166992
E7C,0.9913495707715678,1.1756054162979126
E7E,0.9486392628062855,1.2045814990997314
E7G,1.0487632580402186,2.102017641067505
E7H,1.0471434959998498,1.3206223249435425
E7J,1.025831413269043,1.185469388961792
E7K,0.8590496063232422,1.136568307876587
E7L,1.04172121823489,1.632082462310791
E7M,0.8661592102050781,1.2163258790969849
E7N,0.847640893398187,1.0576413869857788
E7P,0.9266846974690756,1.2453956604003906
E8A,0.9816421880954649,1.2969893217086792
E8B,1.014175756653743,1.3378368616104126
E8C,,
E8E,1.0283444722493489,1.6023534536361694
E8G,0.9876565372242647,2.1241414546966553
E8J,1.1845781803131104,2.027768611907959
E8K,1.0765675136021204,1.3045397996902466
E8L,0.5282702786581857,0.9500362873077393
E8M,,
E8N,,
E8P,,
E8R,,
E8S,,
E8T,,
E9A,,
E9B,0.7752539027820934,1.1606330871582031
E9C,0.6091526576450893,1.3519054651260376
E9E,1.1621486272912986,2.70656418800354
E9G,0.6271326541900635,0.6271326541900635
E9H,,
G0A,0.5666113460765165,1.2278850078582764
G0C,,
G0E,,
G0G,0.7052009408835369,5.352102756500244
G0H,,
G0J,1.4120979309082031,4.823540687561035
G0K,0.7993202686309815,1.336935043334961
G0L,0.7371076696059283,1.0124871730804443
G0M,0.9143945675085087,1.4103163480758667
G0N,0.7592426300048828,1.0516575574874878
G0P,0.8016590118408203,1.03315269947052
G0R,0.8210333462419181,1.176085352897644
G0S,0.6315308269272503,1.1379015445709229
G0T,,
G0V,,
G0W,,
G0X,0.36124537541316104,0.8431292772293091
G0Y,0.7296488306543849,1.0928765535354614
G0Z,0.43604571320289787,0.8828589916229248
G1B,0.6348950862884521,0.646204948425293
G1C,0.5716384649276733,0.5716384649276733
G1E,0.6818225979804993,0.6818225979804993
G1G,,
G1H,,
G1J,0.6894720196723938,0.6894720196723938
G1K,,
G1L,,
G1M,,
G1N,1.0470061302185059,1.0470061302185059
G1P,1.225974202156067,1.225974202156067
G1R,,
G1S,,
G1T,1.0376352071762085,1.0376352071762085
G1V,,
G1W,,
G1X,0.9892747402191162,0.9892747402191162
G1Y,0.8625239133834839,0.8625239133834839
G2A,0.8472563028335571,0.9700009226799011
G2B,,
G2C,1.3559203147888184,1.3559203147888184
G2E,0.9882471561431885,0.9882471561431885
G2G,0.8205633163452148,0.8700588941574097
G2J,,
G2K,1.0961902141571045,1.0961902141571045
G2L,0.8826048374176025,0.8826048374176025
G2M,0.8887850642204285,0.9235823154449463
G2N,0.9217647314071655,0.9838902950286865
G3A,0.8378489358084542,1.1582252979278564
G3B,0.7417438626289368,0.8518103361129761
G3C,0.7900983174641927,0.9023599028587341
G3E,1.2377417087554932,1.2377417087554932
G3G,0.6323739886283875,0.6323739886283875
G3H,0.38590389490127563,0.6884163022041321
G3J,0.814176082611084,0.8735014200210571
G3K,0.9295502305030823,1.0599465370178223
G3L,0.47700209617614747,0.6960791945457458
G3M,0.639508843421936,0.7190943360328674
G3N,0.6193226405552456,0.8105496764183044
G3Z,,
G4A,,
G4R,,
G4S,,
G4T,,
G4V,,
G4W,,
G4X,,
G4Z,,
G5A,,
G5B,,
G5C,,
G5H,,
G5J,,
G5L,,
G5M,,
G5N,,
G5R,,
G5T,0.8753238254123263,1.0634344816207886
G5V,0.7413172245025634,1.032682180404663
G5X,0.8525622685750326,1.1372007131576538
G5Y,1.0173587799072266,1.2500213384628296
G5Z,1.1747604370117188,1.33560311794281
G6A,,
G6B,0.798700423467727,1.0573557615280151
G6C,0.7481828331947327,0.8409774303436279
G6E,0.8666806902204242,0.9135332107543945
G6G,0.7102241516113281,0.9285948276519775
G6H,0.7940428415934245,0.9100515246391296
G6J,0.5918324788411459,0.8322198390960693
G6K,0.7139289975166321,0.7139289975166321
G6L,0.6076477141607375,0.8623772263526917
G6P,0.7416068911552429,0.7711396217346191
G6R,0.8438714345296224,0.968680202960968
G6S,0.8816614151000977,0.9183692336082458
G6T,0.6702508926391602,0.7551832795143127
G6V,0.7364045143127441,0.8589818477630615
G6W,0.941195011138916,0.941195011138916
G6X,,
G6Z,0.7955228805541992,0.8819639682769775
G7A,0.6581054415021624,0.9168041348457336
G7B,,
G7G,,
G7H,,
G7J,,
G7K,,
G7N,,
G7P,,
G7S,,
G7T,,
G7X,,
G7Y,,
G7Z,,
G8A,,
G8B,,
G8C,,
G8E,,
G8G,,
G8H,,
G8J,,
G8K,,
G8L,,
G8M,,
G8N,,
G8P,,
G8T,0.33763033151626587,0.3378615975379944
G8V,0.22095444798469543,0.2925063967704773
G8W,0.5207207202911377,0.5377870202064514
G8Y,0.5835361480712891,0.6818665862083435
G8Z,0.44009822607040405,0.44009822607040405
G9A,0.3543397784233093,0.39795008301734924
G9B,0.4001703943525042,0.6411718130111694
G9C,,
G9H,0.5361558198928833,0.7907531261444092
G9N,0.35443540414174396,0.4995877742767334
G9P,0.34681932131449383,0.35896432399749756
G9R,0.31766462326049805,0.39187943935394287
G9T,0.34420524324689594,0.4773751199245453
G9X,,
H1A,-0.14248181879520416,-0.14248181879520416
H1B,,
H1C,,
H1E,,
H1G,,
H1H,,
H1J,,
H1K,,
H1L,,
H1M,,
H1N,,
H1P,,
H1R,,
H1S,,
H1T,,
H1V,,
H1W,,
H1X,,
H1Y,-0.36097344756126404,-0.36097344756126404
H1Z,,
H2A,,
H2B,,
H2C,,
H2E,,
H2G,,
H2H,,
H2J,,
H2K,,
H2L,,
H2M,,
H2N,,
H2P,,
H2R,,
H2S,,
H2T,,
H2V,,
H2W,,
H2X,,
H2Y,,
H2Z,,
H3A,,
H3B,,
H3C,1.3818408250808716,1.3818408250808716
H3E,0.2386637181043625,0.2386637181043625
H3G,,
H3H,0.3295213282108307,0.3295213282108307
H3J,,
H3K,,
H3L,,
H3M,,
H3N,,
H3P,,
H3R,,
H3S,,
H3T,,
H3V,,
H3W,,
H3X,,
H3Y,,
H3Z,,
H4A,,
H4B,,
H4C,,
H4E,,
H4G,,
H4H,,
H4J,,
H4K,,
H4L,,
H4M,,
H4N,,
H4P,,
H4R,,
H4S,,
H4T,,
H4V,,
H4W,,
H4X,,
H4Z,,
H5A,,
H7A,,
H7B,,
H7C,,
H7E,,
H7G,,
H7H,,
H7J,,
H7K,,
H7L,,
H7M,,
H7N,,
H7P,,
H7R,,
H7S,,
H7T,,
H7V,,
H7W,,
H7X,,
H7Y,,
H8N,,
H8P,0.26440343260765076,0.6906286478042603
H8R,0.33206096291542053,0.33206096291542053
H8S,,
H8T,,
H8Y,,
H8Z,,
H9A,,
H9B,,
H9C,0.6483198404312134,0.6483198404312134
H9E,0.32577794790267944,0.32577794790267944
H9G,,
H9H,,
H9J,,
H9K,,
H9P,,
H9R,,
H9S,,
H9W,,
H9X,0.1154676228761673,0.12857472896575928
J0A,0.7441134398010956,1.116585373878479
J0B,0.7966874572572793,1.5388450622558594
J0C,0.6757038219555004,1.0213444232940674
J0E,0.882117014917834,1.2123286724090576
J0G,0.9078064968711451,1.2926604747772217
J0H,0.8298795805202694,1.2066898345947266
J0J,0.9532528297573912,2.061504602432251
J0K,0.4767453435152897,1.393363118171692
J0L,1.0136652329388787,1.7158600091934204
J0M,1.4620805505203873,4.652863502502441
J0N,0.5480288158763539,0.7409476041793823
J0P,0.5468436946039614,0.7962560057640076
J0R,0.2130445031558766,0.29207131266593933
J0S,0.7242123585826946,1.4781078100204468
J0T,0.6183059885532041,1.3752042055130005
J0V,0.6360836607037168,1.1365727186203003
J0W,0.6520147486756416,2.301841974258423
J0X,0.5347269828745861,3.761414051055908
J0Y,0.6734689740992305,1.7316656112670898
J0Z,0.4985943451470752,1.6331573724746704
J1A,0.9400238710291245,1.0357340574264526
J1C,0.911834716796875,0.9876940846443176
J1E,,
J1G,1.1515685319900513,1.1515685319900513
J1H,1.0093104839324951,1.112230896949768
J1J,1.0230979919433594,1.0230979919433594
J1K,0.8246775269508362,0.8246775269508362
J1L,0.9762848019599915,1.0139799118041992
J1M,0.906494140625,0.9778575897216797
J1N,0.8845547040303549,1.0581737756729126
J1R,0.99729984998703,1.1782866716384888
J1S,0.7549196590076793,0.8341792821884155
J1T,0.6787878274917603,0.6900549530982971
J1X,0.7249696151069973,0.9621552228927612
J1Z,0.7870701009576971,0.9074801206588745
J2A,0.5462587220328194,0.7052332162857056
J2B,0.6759234837123326,0.7905341982841492
J2C,0.7906765341758728,0.7953256964683533
J2E,,
J2G,0.7864116430282593,0.7864116430282593
J2H,0.9279161294301351,0.9636532664299011
J2J,0.9298737843831381,1.0373706817626953
J2K,0.9150230407714843,1.0247846841812134
J2L,1.084096802605523,1.2435539960861206
J2M,0.9226827621459961,1.0786185264587402
J2N,0.7490408761160714,0.867939829826355
J2R,0.8658738817487445,0.9829044342041016
J2S,0.948888897895813,0.948888897895813
J2T,1.0017585754394531,1.0977389812469482
J2W,1.8170878092447917,2.0045342445373535
J2X,1.3833378156026204,1.6871836185455322
J2Y,1.4547035217285156,1.9473955631256104
J3A,,
J3B,1.1661972999572754,1.408535122871399
J3E,1.03432035446167,1.1800739765167236
J3G,1.3501405715942383,1.5286765098571777
J3H,1.178547978401184,1.4955134391784668
J3L,1.3488381125710227,1.7553517818450928
J3M,1.403054904937744,1.7561216354370117
J3N,1.2252998352050781,1.3831226825714111
J3P,1.00454466683524,1.1889864206314087
J3R,1.371503233909607,1.5154037475585938
J3T,0.6408019595675998,0.8925592303276062
J3V,1.2365779876708984,1.4694123268127441
J3X,1.6238763332366943,3.574894666671753
J3Y,1.21624813079834,1.3556115627288818
J3Z,,
J4B,1.511977481842041,1.6890060901641846
J4G,1.760642647743225,1.760642647743225
J4H,1.0728912353515625,1.0728912353515625
J4J,,
J4K,,
J4L,1.4678767919540405,1.4678767919540405
J4M,,
J4N,1.5209004878997803,1.5209004878997803
J4P,,
J4R,,
J4S,,
J4T,,
J4V,1.3499664068222046,1.3499664068222046
J4W,,
J4X,1.0676645040512085,1.0676645040512085
J4Y,1.9059392213821411,1.9059392213821411
J4Z,1.246415615081787,1.246415615081787
J5A,1.1349074840545654,1.1644301414489746
J5B,1.0996544361114502,1.0996544361114502
J5C,0.5119142532348633,0.5119142532348633
J5J,0.1607149342695872,0.22909511625766754
J5K,0.29526984691619873,0.3684760332107544
J5L,0.2354333996772766,0.2939950227737427
J5M,0.23655830323696136,0.3201388418674469
J5R,1.0753884315490723,1.282143473625183
J5T,0.4389166831970215,0.5303373336791992
J5V,0.38332024216651917,0.47954562306404114
J5W,0.6963353157043457,1.0700900554656982
J5X,0.7567932605743408,0.9097449779510498
J5Y,0.6298379302024841,0.6298379302024841
J5Z,0.8128049373626709,0.8538667559623718
J6A,-0.28685814142227173,0.2870659828186035
J6E,0.7097995281219482,0.9648169875144958
J6J,0.7189604043960571,0.8644731640815735
J6K,1.2157777547836304,1.2157777547836304
J6N,0.640201727549235,1.0075793266296387
J6R,1.1589336395263672,1.174851417541504
J6S,0.6245271137782505,0.7038751244544983
J6T,0.6849002242088318,0.7142035961151123
J6V,,
J6W,,
J6X,,
J6Y,,
J6Z,,
J7A,,
J7B,,
J7C,,
J7E,,
J7G,,
J7H,0.35824790596961975,0.35824790596961975
J7J,0.5224219957987467,0.657137393951416
J7K,,
J7L,,
J7M,,
J7N,0.5331537628173828,0.7553867101669312
J7P,,
J7R,0.588379979133606,0.628690242767334
J7T,0.5824824968973795,0.8001043796539307
J7V,0.37255277633666994,0.7663908004760742
J7W,0.28384003043174744,0.28384003043174744
J7X,0.3390936255455017,0.3390936255455017
J7Y,0.21600030362606049,0.21600030362606049
J7Z,0.2623087763786316,0.30606240034103394
J8A,0.1256651133298874,0.15236236155033112
J8B,0.1709025353193283,0.24332691729068756
J8C,0.34941007874228736,0.44374731183052063
J8E,0.7270098466139573,1.0782883167266846
J8G,0.39501560095584753,0.6099840402603149
J8H,0.23944516615434128,0.30638134479522705
J8L,0.7155485153198242,1.42011559009552
J8M,0.7279350161552429,0.836662769317627
J8N,0.6219397458163175,0.9412246942520142
J8P,0.41616570949554443,0.5807747840881348
J8R,0.8040502071380615,0.8827860355377197
J8T,0.6165973544120789,0.6165973544120789
J8V,0.6192509911277078,0.8206693530082703
J8X,,
J8Y,0.5822576880455017,0.5822576880455017
J8Z,0.6695396304130554,0.6695396304130554
J9A,0.7025755047798157,0.7025755047798157
J9B,1.4451887607574463,2.381188154220581
J9E,0.8306570053100586,1.3087526559829712
J9H,0.9412992596626282,1.0223575830459595
J9J,1.7077034711837769,3.8096113204956055
J9L,0.8729861189679402,1.7561864852905273
J9P,0.4427404141207354,1.216797947883606
J9T,,
J9V,0.7346966862678528,0.8893308043479919
J9X,0.31407442688941956,0.4581536054611206
J9Y,0.5314306259155274,0.7167395949363708
J9Z,,
K0A,0.6896026349374664,1.3413194417953491
K0B,0.5843780224139874,0.8841875791549683
K0C,0.6134823553576441,1.2180860042572021
K0E,0.6736188776352826,1.3397151231765747
K0G,0.6197964928366921,1.9395406246185303
K0H,0.8473823434613609,2.622805118560791
K0J,0.6337622485114532,1.5886682271957397
K0K,0.7755387469035823,2.181699514389038
K0L,0.8803234785858218,5.682341575622559
K0M,0.7149615997963763,2.9600138664245605
K1B,0.46795719861984253,0.46795719861984253
K1C,0.7173547148704529,0.7173547148704529
K1E,0.4741693139076233,0.4741693139076233
K1G,0.595524787902832,0.8578176498413086
K1H,0.9997310638427734,0.9997310638427734
K1J,0.7336568236351013,0.9320023655891418
K1K,,
K1L,,
K1M,0.8004295825958252,0.8004295825958252
K1N,,
K1P,,
K1R,0.9520014524459839,0.9520014524459839
K1S,,
K1T,0.7394545674324036,0.7525092959403992
K1V,0.7016642093658447,0.8274680972099304
K1W,0.7079253196716309,0.7079253196716309
K1X,0.8284426927566528,0.8432744145393372
K1Y,,
K1Z,,
K2A,0.957637369632721,0.957637369632721
K2B,,
K2C,0.9119367003440857,1.0009268522262573
K2E,,
K2G,0.6313812136650085,0.6313812136650085
K2H,1.1360442638397217,1.1360442638397217
K2J,0.5951029658317566,0.6501279473304749
K2K,0.7208524703979492,0.8419292569160461
K2L,0.8541903495788574,1.0157901048660278
K2M,0.8420368432998657,0.8420368432998657
K2P,,
K2R,0.7502273321151733,0.7990036606788635
K2S,0.6459518432617187,0.7378689050674438
K2T,,
K2V,,
K2W,1.4929101467132568,1.4929101467132568
K4A,0.8455907702445984,0.8455907702445984
K4B,1.0013904571533203,1.261469841003418
K4C,0.536378800868988,0.6945917010307312
K4K,0.5367417335510254,0.791483998298645
K4M,0.7847420374552408,0.7914946675300598
K4P,0.7920366128285726,0.8277381658554077
K4R,1.1987732648849487,1.3905731439590454
K6A,0.4700486183166504,0.5939472317695618
K6H,0.5520461082458497,0.6817535161972046
K6J,0.7388273477554321,0.769314169883728
K6K,,
K6T,,
K6V,0.6970627307891846,1.0095982551574707
K7A,0.657609394618443,0.9691314101219177
K7C,0.5766831806727818,0.8481885194778442
K7G,0.6751297542027065,0.872268557548523
K7H,0.42321225216514186,0.899083137512207
K7K,0.6937848726908366,0.7868214249610901
K7L,0.6461325372968402,0.8075185418128967
K7M,0.6591070175170899,0.9366480112075806
K7N,,
K7P,0.939131498336792,1.0285611152648926
K7R,0.8695686174475629,1.0714324712753296
K7S,0.6150737242265181,0.8130772709846497
K7V,0.9961974685256546,1.8638044595718384
K8A,0.4716761271158854,0.935684323310852
K8B,,
K8H,0.3563814163208008,0.769837498664856
K8N,0.6995818194221047,1.049379825592041
K8P,0.8242467641830444,0.9435848593711853
K8R,,
K8V,0.8216327320445668,0.9488461017608643
K9A,0.635924220085144,0.8219903111457825
K9H,0.5053051114082336,0.5053051114082336
K9J,0.578528192308214,0.8140423893928528
K9K,0.8150950074195862,0.8150950074195862
K9L,0.7309684753417969,0.7309684753417969
K9V,0.5429238712086397,0.7532880902290344
L0A,0.6974733252274362,1.0200456380844116
L0B,0.6531560743177259,0.9297491908073425
L0C,0.5699655359441583,0.8732141256332397
L0E,0.43714704513549807,0.9583900570869446
L0G,0.7475728193918864,1.1094218492507935
L0H,0.8202381134033203,0.9776841998100281
L0J,0.8833979964256287,1.083486557006836
L0K,0.5265135885286731,1.0446596145629883
L0L,0.5694988683326957,1.121840000152588
L0M,0.7411501654263201,1.2533299922943115
L0N,0.7726641687853583,1.0701196193695068
L0P,0.7943932793357156,1.203934669494629
L0R,0.9282785231067289,1.2936328649520874
L0S,0.8040586618276743,0.993601381778717
L1A,0.7716820240020752,2.386911153793335
L1B,0.778398354848226,0.9554430246353149
L1C,0.5897934039433798,0.7304555177688599
L1E,0.6781833171844482,0.7692190408706665
L1G,0.7215170860290527,0.7215170860290527
L1H,0.737839651107788,1.024091362953186
L1J,0.4823969602584839,0.8429729342460632
L1K,0.6440190076828003,0.8147249221801758
L1L,0.9061881303787231,0.9061881303787231
L1M,0.79620893796285,0.880262553691864
L1N,0.8117694060007731,0.8816520571708679
L1P,0.6486865878105164,0.7667824625968933
L1R,,
L1S,0.6990371942520142,0.7286241054534912
L1T,0.9626293778419495,0.9626293778419495
L1V,0.7468796968460083,0.7544628381729126
L1W,0.645964503288269,0.6618647575378418
L1X,0.6184854507446289,0.6669762134552002
L1Y,0.7780066331227621,0.9796025156974792
L1Z,0.6170023679733276,0.6170023679733276
L2A,,
L2E,,
L2G,,
L2H,,
L2J,,
L2M,,
L2N,,
L2P,,
L2R,,
L2S,,
L2T,,
L2V,,
L2W,,
L3B,0.782679557800293,0.782679557800293
L3C,,
L3K,0.4618465105692546,0.7253938913345337
L3M,,
L3P,0.9478607177734375,0.9478607177734375
L3R,0.5487690766652426,0.6338937878608704
L3S,0.876330554485321,0.876330554485321
L3T,0.7321293950080872,0.8350653648376465
L3V,0.38941630801639043,0.6235290765762329
L3X,0.7271624803543091,0.7271624803543091
L3Y,0.7239610127040318,0.8344095349311829
L3Z,0.6799901962280274,0.927162766456604
L4A,0.7477382313121449,0.9470195770263672
L4B,0.6590479016304016,0.6590479016304016
L4C,0.6215155720710754,0.6813098192214966
L4E,0.6792925596237183,0.76231449842453
L4G,0.7286486029624939,0.7882415652275085
L4H,0.8301026821136475,0.8902161717414856
L4J,0.8166713118553162,0.8166713118553162
L4K,0.776832640171051,0.776832640171051
L4L,1.0459686915079753,1.1367982625961304
L4M,0.5219903945922851,0.7378494143486023
L4N,0.5567362308502197,0.8177987933158875
L4P,0.4677305221557617,0.8020403981208801
L4R,0.3882865111033122,0.6120946407318115
L4S,,
L4T,,
L4V,,
L4W,,
L4X,,
L4Y,,
L4Z,,
L5A,,
L5B,,
L5C,,
L5E,,
L5G,,
L5H,,
L5J,,
L5K,,
L5L,,
L5M,,
L5N,,
L5R,,
L5S,,
L5T,,
L5V,,
L5W,,
L6A,0.7700223922729492,0.8123282194137573
L6B,0.7697527408599854,0.8410584330558777
L6C,0.7896790504455566,0.8984205722808838
L6E,0.688718855381012,0.688718855381012
L6G,,
L6H,,
L6J,,
L6K,,
L6L,,
L6M,,
L6P,1.0863372087478638,1.0863372087478638
L6R,,
L6S,,
L6T,,
L6V,,
L6W,,
L6X,,
L6Y,,
L6Z,,
L7A,0.9505626360575358,1.0610697269439697
L7B,0.7435901959737142,1.055138349533081
L7C,0.9811325073242188,1.4719536304473877
L7E,0.8517099727283824,1.0786879062652588
L7G,0.9771614941683683,1.243520736694336
L7J,0.7583174705505371,0.9724568724632263
L7K,0.7522064208984375,0.9204952716827393
L7L,,
L7M,1.1875790357589722,1.1875790357589722
L7N,,
L7P,1.0296191374460857,1.1248749494552612
L7R,1.3867006301879883,1.5499796867370605
L7S,,
L7T,,
L8E,,
L8G,,
L8H,,
L8J,,
L8K,,
L8L,0.6359851360321045,0.7380267381668091
L8M,,
L8N,,
L8P,,
L8R,1.2326823472976685,1.2326823472976685
L8S,,
L8T,,
L8V,1.5062291622161865,1.5062291622161865
L8W,0.8801808953285217,0.8801808953285217
L9A,,
L9B,1.0957597494125366,1.0957597494125366
L9C,2.175445795059204,2.175445795059204
L9G,1.0717239379882812,1.152597188949585
L9H,1.0321704319545202,1.1962512731552124
L9J,,
L9K,1.0430949926376343,1.0430949926376343
L9L,0.5464099884033203,1.0165343284606934
L9M,0.2603261345311215,0.5114523768424988
L9N,0.7344274520874023,0.8172786235809326
L9P,0.6140338673311121,0.7907500267028809
L9R,0.7607145309448242,0.9959902763366699
L9S,0.5143610147329477,1.0117958784103394
L9T,1.0792083740234375,1.18578040599823
L9V,0.6502416133880615,0.6502416133880615
L9W,0.7146726754995493,0.9304263591766357
L9Y,0.5519044399261475,0.9527643322944641
L9Z,0.34273266792297363,0.5515797734260559
M1B,0.8869873285293579,0.9656089544296265
M1C,0.7846096158027649,0.7846096158027649
M1E,,
M1G,0.5937241911888123,0.5937241911888123
M1H,,
M1J,,
M1K,,
M1L,,
M1M,,
M1N,,
M1P,,
M1R,,
M1S,0.7992716431617737,0.8298438191413879
M1T,,
M1V,0.5240799188613892,0.5240799188613892
M1W,1.0101426839828491,1.0101426839828491
M1X,,
M2H,0.4565150737762451,0.4565150737762451
M2J,,
M2K,,
M2L,1.4791299104690552,1.4791299104690552
M2M,,
M2N,0.926588237285614,0.926588237285614
M2P,,
M2R,,
M3A,1.2095149755477905,1.2095149755477905
M3B,,
M3C,,
M3H,0.9035903811454773,0.9035903811454773
M3J,0.6852424144744873,0.8509448766708374
M3K,,
M3L,,
M3M,0.8056053519248962,0.8056053519248962
M3N,0.8276657462120056,0.8276657462120056
M4A,,
M4B,,
M4C,,
M4E,,
M4G,,
M4H,,
M4J,,
M4K,,
M4L,,
M4M,,
M4N,,
M4P,,
M4R,,
M4S,,
M4T,,
M4V,,
M4W,,
M4X,,
M4Y,,
M5A,,
M5B,,
M5C,,
M5E,,
M5G,,
M5H,,
M5J,,
M5M,,
M5N,,
M5P,,
M5R,,
M5S,,
M5T,,
M5V,,
M6A,,
M6B,,
M6C,,
M6E,,
M6G,,
M6H,,
M6J,,
M6K,,
M6L,,
M6M,,
M6N,,
M6P,,
M6R,,
M6S,,
M8V,,
M8W,,
M8X,,
M8Y,,
M8Z,,
M9A,,
M9B,,
M9C,,
M9L,,
M9M,,
M9N,,
M9P,,
M9R,,
M9V,,
M9W,,
N0A,0.7688856991854581,1.1681591272354126
N0B,0.7368984365821781,1.1531378030776978
N0C,0.7578910426089638,1.2745145559310913
N0E,0.556806232618249,1.0385578870773315
N0G,0.765868807099556,1.3398218154907227
N0H,0.6852608680725097,1.2666277885437012
N0J,0.65527099609375,1.0302547216415405
N0K,0.8597172007841223,1.257869005203247
N0L,0.6982386969273386,1.5552490949630737
N0M,0.803315193422379,1.4507845640182495
N0N,1.3468636818302488,3.4092109203338623
N0P,1.5073171644354586,3.321655750274658
N0R,1.439204268022017,2.2955212593078613
N1A,0.6257557074228922,0.9738380312919617
N1C,,
N1E,0.7457172870635986,0.7457172870635986
N1G,0.6145220398902893,0.6145220398902893
N1H,0.6890297669630784,0.8664858341217041
N1K,0.7214325070381165,0.7214325070381165
N1L,0.7633494138717651,0.7914336323738098
N1M,0.6833504268101284,0.8327416181564331
N1P,,
N1R,0.731480598449707,0.9411817193031311
N1S,,
N1T,0.5119680166244507,0.5532268285751343
N2A,0.6166660189628601,0.6166660189628601
N2B,,
N2C,0.8465257287025452,0.8465257287025452
N2E,0.6314650177955627,0.6314650177955627
N2G,,
N2H,0.42170438170433044,0.42170438170433044
N2J,0.5945562521616617,0.72600257396698
N2K,0.64190673828125,0.8445722460746765
N2L,0.6969000697135925,0.6969000697135925
N2M,,
N2N,0.9397547841072083,0.9397547841072083
N2P,0.6249463558197021,0.7437915802001953
N2R,0.6342816948890686,0.6342816948890686
N2T,0.6704493165016174,0.6704493165016174
N2V,0.6428061723709106,0.6428061723709106
N2Z,0.6412751197814941,1.0998311042785645
N3A,0.7099747657775879,0.9379416704177856
N3B,0.6629765033721924,0.8757662773132324
N3C,0.6398874918619791,0.7079555988311768
N3E,0.6340651512145996,0.6340651512145996
N3H,0.5428256988525391,0.6589522361755371
N3L,0.772255367702908,0.9282351136207581
N3P,,
N3R,0.898182213306427,0.898182213306427
N3S,0.7926595211029053,0.7926595211029053
N3T,0.868177958897182,1.2569246292114258
N3V,,
N3W,0.9955822626749674,1.1805377006530762
N3Y,0.5386966358531605,0.9336700439453125
N4B,0.5617901802062988,0.7175000309944153
N4G,0.6898492574691772,0.9277135133743286
N4K,0.7344987733023507,1.1508530378341675
N4L,0.836762177316766,1.1375542879104614
N4N,0.6285270777615634,0.8255661129951477
N4S,0.7244222640991211,1.103092908859253
N4T,,
N4V,0.693388819694519,0.693388819694519
N4W,0.7844269540574815,1.0041112899780273
N4X,0.8261584406313689,1.0782475471496582
N4Z,,
N5A,0.7908402681350708,0.9171553254127502
N5C,0.7349838256835938,0.9585871696472168
N5H,0.5775333245595297,0.9685080051422119
N5L,0.6407286723454794,1.0111359357833862
N5P,0.7381975173950195,0.9169802069664001
N5R,0.7836891810099283,0.8960699439048767
N5V,0.6725918451944987,0.8096597790718079
N5W,0.6365206241607666,0.6365206241607666
N5X,0.7450998624165853,0.8275026679039001
N5Y,,
N5Z,0.2845537066459656,0.2845537066459656
N6A,0.8800559639930725,0.8800559639930725
N6B,,
N6C,,
N6E,0.6151345372200012,0.7427238821983337
N6G,0.8917434215545654,0.8917434215545654
N6H,0.7911979556083679,0.9219437837600708
N6J,0.7522224187850952,0.7984265089035034
N6K,0.6604080200195312,0.7003645300865173
N6L,0.6950394511222839,0.8397119045257568
N6M,0.7732551097869873,0.82417231798172
N6N,0.7487830519676208,0.8284849524497986
N6P,0.7458240985870361,0.8751264810562134
N7A,0.7037734551863237,1.0040348768234253
N7G,0.7660546022302964,1.2492589950561523
N7L,,
N7M,1.0440907685653023,1.495382308959961
N7S,,
N7T,0.8751237127516005,1.1325929164886475
N7V,0.6350098252296448,0.6350098252296448
N7W,0.8487274646759033,0.8487274646759033
N7X,0.5126551985740662,0.5126551985740662
N8A,1.490010420481364,2.79774808883667
N8H,0.7389857348273782,1.9261786937713623
N8M,1.7807780045729418,2.0336549282073975
N8N,1.1552143096923828,1.6153967380523682
N8P,0.7675536274909973,0.7675536274909973
N8R,,
N8S,0.5873057246208191,0.5873057246208191
N8T,1.1240321397781372,1.1240321397781372
N8V,,
N8W,2.352569341659546,2.352569341659546
N8X,,
N8Y,,
N9A,1.5307011604309082,1.7268238067626953
N9B,,
N9C,1.334804892539978,1.334804892539978
N9E,1.4717711210250854,1.8816897869110107
N9G,,
N9H,1.3417959213256836,1.4218233823776245
N9J,1.404244105021159,2.1994850635528564
N9K,,
N9V,1.6758488246372767,2.414639711380005
N9Y,1.5137241681416829,2.049302816390991
P0A,0.5372168418088573,1.151516079902649
P0B,0.40110028376344775,0.6591176390647888
P0C,0.39723855723505436,1.0863847732543945
P0E,0.4687131952356409,0.7064772844314575
P0G,0.5708266171542081,1.2219513654708862
P0H,0.5203581797051754,1.2733550071716309
P0J,0.5957838232512802,1.2681776285171509
P0K,0.37091418764546824,1.4070459604263306
P0L,0.29274623454980864,1.0568729639053345
P0M,0.6004368385944283,3.9561069011688232
P0N,0.29569582731827443,0.62123042345047
P0P,0.8907202044103899,3.3395493030548096
P0R,1.1482773542085007,3.4095585346221924
P0S,0.581438450234804,2.7808055877685547
P0T,0.6012807062340179,4.222951889038086
P0V,0.5162189010456547,3.1842799186706543
P0W,0.5493321234576181,1.1953113079071045
P0X,0.78899454833499,4.360073089599609
P0Y,0.9424013561672635,1.8020659685134888
P1A,0.48625593185424804,0.5833299160003662
P1B,0.22964708266719694,0.7480033040046692
P1C,,
P1H,0.5126419427259913,0.6491630673408508
P1L,0.4480035254295836,0.6421610116958618
P1P,0.4248990331377302,0.5971919298171997
P2A,0.41659556349662885,1.1172648668289185
P2B,0.2533101717631022,0.4192444086074829
P2N,0.24441636933220756,0.5115362405776978
P3A,0.7551244497299194,0.9530459642410278
P3B,0.738183319568634,0.738183319568634
P3C,2.0157971382141113,2.0157971382141113
P3E,0.8586991001182879,2.7186126708984375
P3G,1.070172119140625,1.8689247369766235
P3L,0.6657559606764052,0.8198214173316956
P3N,0.7567412257194519,1.037265658378601
P3P,0.913821520124163,1.9815237522125244
P3Y,1.1086066790989466,1.4706296920776367
P4N,0.33856627520392923,0.6010122299194336
P4P,0.34765565395355225,0.34765565395355225
P4R,,
P5A,2.1984925446686923,13.279845237731934
P5E,0.6319819688796997,1.1520997285842896
P5N,,
P6A,0.6083224781772547,1.820470929145813
P6B,0.8130725622177124,0.8568316698074341
P6C,0.786369264125824,0.786369264125824
P7A,0.7822461128234863,0.8402246236801147
P7B,0.706181605370036,1.9840524196624756
P7C,0.6919143994649252,1.0213268995285034
P7E,0.5574839115142822,0.5574839115142822
P7G,0.7518400045541617,0.9693661332130432
P7J,0.6587816539563631,1.161581039428711
P7K,0.7717108130455017,0.7717108130455017
P7L,0.8916556803385417,1.6386059522628784
P8N,0.4596992049377628,0.9383212327957153
P8T,0.4130783727613546,0.6742426753044128
P9A,0.6348542785644531,1.0658589601516724
P9N,0.8349955435574911,1.877699851989746
R0A,0.8209257391255508,2.478262424468994
R0B,0.7372513916551379,5.590224742889404
R0C,0.7775112597348186,2.3555352687835693
R0E,0.8686696650922578,4.69291353225708
R0G,1.5760458969488376,3.0104691982269287
R0H,1.1745547419009001,2.5976967811584473
R0J,1.322389710624263,2.4795591831207275
R0K,1.315641536269077,2.4737119674682617
R0L,0.9331263846781717,3.257798194885254
R0M,1.2940065984856592,2.217520236968994
R1A,1.5811022244966948,2.269035577774048
R1B,,
R1N,1.1661822190925257,2.2144064903259277
R2C,1.6023927688598634,2.187734603881836
R2E,1.5789858102798462,1.7263931035995483
R2G,,
R2H,,
R2J,,
R2K,,
R2L,,
R2M,,
R2N,1.7474608421325684,1.8686236143112183
R2P,2.0859413146972656,2.0859413146972656
R2R,1.4793813228607178,1.4793813228607178
R2V,1.6978389024734497,1.7512667179107666
R2W,,
R2X,,
R2Y,,
R3A,,
R3B,,
R3C,1.7748595151034268,2.2506139278411865
R3E,,
R3G,,
R3H,,
R3J,,
R3K,1.8185206651687622,1.8185206651687622
R3L,,
R3M,,
R3N,,
R3P,,
R3R,,
R3S,,
R3T,,
R3V,1.8461616039276123,1.8461616039276123
R3W,1.3837794065475464,1.3837794065475464
R3X,1.7281222343444824,1.7281222343444824
R3Y,,
R4A,1.8118947744369507,1.9799058437347412
R4H,1.7804425954818726,1.8898367881774902
R4J,1.597320556640625,1.619856595993042
R4K,1.6425388881138392,1.9492026567459106
R4L,1.3214178085327148,1.503477692604065
R5A,1.8172610998153687,2.018716812133789
R5G,0.951052188873291,1.2637743949890137
R5H,0.9537413223930027,1.9927557706832886
R6M,1.893236796061198,3.6898436546325684
R6W,1.6331291198730469,2.266791582107544
R7A,1.272950429765005,1.8592183589935303
R7B,0.8224702477455139,0.8224702477455139
R7C,,
R7N,1.3330209520128038,2.914109468460083
R8A,0.8773528777801238,2.283217668533325
R8N,0.7868204677806181,1.2279701232910156
R9A,0.513877822413589,1.7206345796585083
S0A,1.3965433884008505,2.6307878494262695
S0C,1.3919715064745795,2.2778613567352295
S0E,1.0344940733412178,3.6814591884613037
S0G,1.4155345181503889,2.4351954460144043
S0H,1.5443289620535714,2.6323461532592773
S0J,0.7267258740280396,34.91561508178711
S0K,1.4670018552239974,2.292654037475586
S0L,1.5758953657575148,3.0486748218536377
S0M,0.9065206285481497,3.4101462364196777
S0N,1.4872670804928185,2.488852024078369
S0P,0.998631447007594,2.9551820755004883
S2V,1.8386062383651733,1.8386062383651733
S3N,1.3265838623046875,1.9672337770462036
S4A,1.4191131591796875,2.037034273147583
S4H,1.5754008293151855,2.036449670791626
S4L,1.3924541473388672,1.5830495357513428
S4N,1.3360345363616943,1.3360345363616943
S4P,1.4754698533278245,2.0648772716522217
S4R,1.0764718055725098,1.1930493116378784
S4S,1.2389088869094849,1.2389088869094849
S4T,1.35993230342865,1.4809330701828003
S4V,1.6250638961791992,1.6250638961791992
S4W,,
S4X,1.2604506015777588,1.5122053623199463
S4Y,,
S4Z,,
S6H,1.2971010208129883,1.6557399034500122
S6J,,
S6K,1.4476441144943237,1.839233160018921
S6V,0.7670338320634003,2.4218199253082275
S6W,,
S6X,,
S7H,1.9040659666061401,2.0901734828948975
S7J,,
S7K,1.5922619420239048,2.290584087371826
S7L,1.7506115436553955,1.7506115436553955
S7M,1.6595476865768433,1.6595476865768433
S7N,2.2309632301330566,2.2309632301330566
S7P,,
S7R,,
S7S,,
S7T,1.4622337341308593,1.6480664014816284
S7V,,
S7W,,
S9A,1.556662623087565,2.006709098815918
S9H,1.6579356781423908,2.7082419395446777
S9V,1.3386894025300677,2.2975728511810303
S9X,0.8064950182546977,1.5016236305236816
T0A,1.2331812965766842,2.9684412479400635
T0B,1.2537725924392935,2.810565233230591
T0C,1.2815653483072917,2.29335880279541
T0E,1.3129020750060563,3.849588632583618
T0G,1.4519960558092273,2.2261104583740234
T0H,0.7642283059336656,2.1942806243896484
T0J,1.4968510095253351,2.7704739570617676
T0K,1.481266865600744,4.944424629211426
T0L,1.5241620463709677,8.270231246948242
T0M,1.4573547928421586,4.38079833984375
T0P,0.8079184542880969,4.3901472091674805
T0V,0.29223665595054626,0.29223665595054626
T1A,1.4366624311967329,1.922332525253296
T1B,1.3931669853102993,1.905531406402588
T1C,1.1281483173370361,1.230802297592163
T1G,1.3805068969726562,1.9438735246658325
T1H,1.5600615739822388,1.5790886878967285
T1J,1.6112232208251953,1.999687910079956
T1K,1.6239562034606934,2.126863956451416
T1L,,
T1M,1.5753375053405763,2.1503663063049316
T1P,1.2388550805263832,1.7769733667373657
T1R,1.3043211660077494,2.0530028343200684
T1S,1.680786001271215,2.2473292350769043
T1V,1.4230464588512073,2.071424722671509
T1W,1.7233867645263672,3.5781805515289307
T1X,1.5260866950539982,1.807136058807373
T1Y,1.2281314134597778,1.2281314134597778
T2A,1.134933590888977,1.134933590888977
T2B,1.1141788959503174,1.1141788959503174
T2C,1.3135215441385906,1.4461802244186401
T2E,1.3592761357625325,1.4859733581542969
T2G,1.2071748971939087,1.2071748971939087
T2H,1.269754409790039,1.269754409790039
T2J,1.6066437827216253,2.1575722694396973
T2K,1.4366599321365356,1.5182780027389526
T2L,1.1998860836029053,1.2647439241409302
T2M,1.3434340159098308,1.4981694221496582
T2N,,
T2P,1.4816083174485426,1.6172029972076416
T2R,,
T2S,1.2189151048660278,1.2189151048660278
T2T,,
T2V,1.361364722251892,1.361364722251892
T2W,1.3299667358398437,1.7102006673812866
T2X,1.4485979080200195,1.4950838088989258
T2Y,1.537299633026123,1.6127699613571167
T2Z,1.5392605463663738,1.6041924953460693
T3A,1.4207484722137451,1.4207484722137451
T3B,1.1343339284261067,1.1490857601165771
T3C,1.3331564664840698,1.3331564664840698
T3E,1.2547386487325032,1.4001011848449707
T3G,1.4156687259674072,1.4156687259674072
T3H,1.1329691410064697,1.1809871196746826
T3J,1.1376872062683105,1.1376872062683105
T3K,1.520492672920227,1.6042017936706543
T3L,1.5675899187723796,1.7062573432922363
T3M,1.5653538703918457,1.5653538703918457
T3N,1.4144947528839111,1.4972494840621948
T3P,1.8384881019592285,1.8384881019592285
T3R,1.5540273984273274,1.8541771173477173
T3S,1.4818140665690105,1.5770809650421143
T3Z,1.3099333047866821,1.713557243347168
T4A,,
T4B,1.5262601447827888,2.1525678634643555
T4C,1.5158976850838497,2.6354479789733887
T4E,1.331913948059082,1.3699653148651123
T4G,1.3558147799584173,2.092287063598633
T4H,1.4721610873353248,1.9818496704101562
T4J,1.1669516492245802,1.8238716125488281
T4L,1.1755785260881697,1.7066922187805176
T4N,1.3342129389444988,1.5977489948272705
T4P,1.0944652557373047,1.1226025819778442
T4R,1.513896107673645,1.513896107673645
T4S,1.143464521928267,1.4817125797271729
T4T,1.1282163526191087,2.312885046005249
T4V,1.4610832438749426,2.1611576080322266
T4X,,
T5A,1.5796700716018677,1.5796700716018677
T5B,1.8302766799926757,2.1483423709869385
T5C,,
T5E,1.9419405195448134,2.0740554332733154
T5G,,
T5H,1.8449058532714844,1.8449058532714844
T5J,,
T5K,,
T5L,2.1056666374206543,2.1056666374206543
T5M,1.8069242238998413,1.8069242238998413
T5N,2.2774651050567627,2.2774651050567627
T5P,2.308209180831909,2.308209180831909
T5R,,
T5S,1.9552273750305176,2.0241549015045166
T5T,2.099679470062256,2.099679470062256
T5V,,
T5W,1.7603468894958496,1.7603468894958496
T5X,1.895693063735962,1.895693063735962
T5Y,2.1494862692696706,2.3815295696258545
T5Z,1.8133728504180908,1.8133728504180908
T6A,,
T6B,1.896255373954773,1.896255373954773
T6C,1.8806284666061401,1.8806284666061401
T6E,1.3492393493652344,1.3492393493652344
T6G,2.101790428161621,2.101790428161621
T6H,1.4240090370178222,2.460904598236084
T6J,1.711817741394043,1.711817741394043
T6K,,
T6L,1.6222440004348755,1.661940097808838
T6M,2.182180404663086,2.421863079071045
T6N,,
T6P,1.7674342393875122,1.7674342393875122
T6R,1.976508378982544,1.976508378982544
T6S,1.7709300518035889,1.8184081315994263
T6T,1.6700537204742432,1.6700537204742432
T6V,1.8770571947097778,1.8770571947097778
T6W,1.8544178009033203,2.2737045288085938
T6X,1.4552424748738606,1.7849071025848389
T7A,1.3554295902758573,2.1217799186706543
T7E,1.194529375692052,2.5964365005493164
T7N,1.2275046110153198,1.78785240650177
T7P,,
T7S,1.37472652859158,2.309614658355713
T7V,1.3696887732692882,7.158730983734131
T7X,1.7300999290064762,1.9966938495635986
T7Y,1.283622105916341,1.9443330764770508
T7Z,1.4615368843078613,2.1460328102111816
T8A,1.6611051559448242,1.8758152723312378
T8B,1.654293696085612,1.8693357706069946
T8C,1.1786730289459229,1.3468421697616577
T8E,1.2922894795735678,1.7127453088760376
T8G,1.085731687999907,1.7275856733322144
T8H,1.5191559791564941,1.5191559791564941
T8L,1.3871034383773804,2.0869598388671875
T8N,1.933586597442627,2.0933709144592285
T8R,1.463726569866312,1.998846411705017
T8S,,
T8T,2.1601158945184005,2.4323062896728516
T8V,,
T8W,,
T8X,,
T9A,1.3313373912464488,1.7540838718414307
T9C,1.2972112917432599,1.9960395097732544
T9E,1.4537311008998326,1.9278254508972168
T9G,1.1986711025238037,1.1986711025238037
T9H,0.4989347270890778,1.766140103340149
T9J,,
T9K,,
T9M,2.2175610065460205,2.2175610065460205
T9N,2.463557481765747,3.0724411010742188
T9S,,
T9V,1.4988816976547241,1.8773260116577148
T9W,1.0198599208484997,1.845871925354004
T9X,1.2186274427048704,1.78468656539917
V0A,,
V0B,1.9870385064019098,7.468447208404541
V0C,,
V0E,1.178780709060968,4.071880340576172
V0G,,
V0H,,
V0J,1.0650807118786432,2.9397647380828857
V0K,0.9637855852447135,2.72652530670166
V0L,1.0919568589154411,5.320645809173584
V0M,,
V0N,,
V0P,,
V0R,,
V0S,,
V0T,,
V0V,,
V0W,,
V0X,,
V1A,2.2698644689611487,5.718645095825195
V1B,,
V1C,2.1766905784606934,2.5494911670684814
V1E,,
V1G,,
V1H,,
V1J,,
V1K,1.3029028177261353,1.722595453262329
V1L,,
V1M,,
V1N,,
V1P,,
V1R,,
V1S,0.8827865068302598,1.68655526638031
V1T,,
V1V,,
V1W,,
V1X,,
V1Y,,
V1Z,,
V2A,,
V2B,1.4095165729522705,3.0460312366485596
V2C,1.3314231589988426,3.5017077922821045
V2E,2.629215399424235,3.682671070098877
V2G,,
V2H,1.4688609730113635,2.404268741607666
V2J,0.8325480143229167,1.3651094436645508
V2K,1.1583188374837239,1.374751091003418
V2L,,
V2M,,
V2N,0.7530363464355468,1.192203164100647
V2P,,
V2R,,
V2S,,
V2T,,
V2V,,
V2W,,
V2X,,
V2Y,,
V2Z,,
V3A,,
V3B,,
V3C,,
V3E,,
V3G,,
V3H,,
V3J,,
V3K,,
V3L,,
V3M,,
V3N,,
V3R,,
V3S,,
V3T,,
V3V,,
V3W,,
V3X,,
V3Y,,
V4A,,
V4B,,
V4C,,
V4E,,
V4G,,
V4K,,
V4L,,
V4M,,
V4N,,
V4P,,
V4R,,
V4S,,
V4T,,
V4V,,
V4W,,
V4X,,
V4Z,,
V5A,,
V5B,,
V5C,,
V5E,,
V5G,,
V5H,,
V5J,,
V5K,,
V5L,,
V5M,,
V5N,,
V5P,,
V5R,,
V5S,,
V5T,,
V5V,,
V5W,,
V5X,,
V5Y,,
V5Z,,
V6A,,
V6B,,
V6C,,
V6E,,
V6G,,
V6H,,
V6J,,
V6K,,
V6L,,
V6M,,
V6N,,
V6P,,
V6R,,
V6S,,
V6T,,
V6V,,
V6W,,
V6X,,
V6Y,,
V6Z,,
V7A,,
V7B,,
V7C,,
V7E,,
V7G,,
V7H,,
V7J,,
V7K,,
V7L,,
V7M,,
V7N,,
V7P,,
V7R,,
V7S,,
V7T,,
V7V,,
V7W,,
V7Y,,
V8A,,
V8B,,
V8C,,
V8G,,
V8J,,
V8K,,
V8L,,
V8M,,
V8N,,
V8P,,
V8R,,
V8S,,
V8T,,
V8V,,
V8W,,
V8X,,
V8Y,,
V8Z,,
V9A,,
V9B,,
V9C,,
V9E,,
V9G,,
V9H,,
V9J,,
V9K,,
V9L,,
V9M,,
V9N,,
V9P,,
V9R,,
V9S,,
V9T,,
V9V,,
V9W,,
V9X,,
V9Y,,
V9Z,,
X0A,1.1626823025083264,5.705486297607422
X0B,0.7919730106574695,3.3793439865112305
X0C,1.0605790195526796,5.9726104736328125
X0E,1.1809406716635558,8.92001724243164
X0G,,
X1A,0.7714805629697331,5.154194355010986
Y0A,2.4144711567060595,8.392109870910645
Y0B,1.4621522950956405,7.310243129730225
Y1A,,
